Year,julian day,C1,C2,C3,B1,B2,B3,B4,E1,E2,E3,E4
2000,1,1.9,2,1.9,1.9,1.9,1.7,1.7,2,2.1,2.1,2.1
2000,9,1.8,1.9,1.8,1.8,1.8,1.7,1.7,1.7,1.7,1.8,1.8
2000,17,3.4,3.4,3.4,3.7,3.7,3.4,3.4,3.2,3.4,3.3,3.3
2000,25,3.2,3.2,3.2,3.5,3.5,3.1,3.1,3.2,3.3,3.2,3.2
2000,33,4,4.1,4,4,4,3.8,3.8,3.9,4.2,3.9,3.9
2000,41,3.5,3.6,3.5,3.7,3.7,3.5,3.5,3.4,3.9,3.6,3.6
2000,49,4.1,4.2,4.1,4.2,4.2,4,4,4,4.3,4.1,4.1
2000,57,4.5,4.5,4.5,4.7,4.7,4.5,4.5,4.4,4.5,4.4,4.4
2000,65,4.8,4.8,4.8,5,5,4.8,4.8,4.8,5,4.9,4.9
2000,73,6.1,6.3,6.1,6.3,6.3,6.4,6.4,6.2,6.3,6.3,6.3
2000,81,7.8,7.8,7.8,7.7,7.7,7.8,7.8,7.8,7.4,7.5,7.5
2000,89,9.9,9.8,9.9,9.6,9.6,10.1,10.1,10,9.6,8.8,8.8
2000,97,10.8,10.6,10.8,10.5,10.5,10.7,10.7,10.7,10.6,9.4,9.4
2000,105,12.2,10.9,12.2,11.4,11.4,12.6,12.6,11.4,10.9,10.1,10.1
2000,113,11.7,11.1,11.7,11.1,11.1,11.4,11.4,11.5,11,11,11
2000,121,14.1,13.8,14.1,12.9,12.9,13.3,13.3,13,12.8,12.6,12.6
2000,129,18,16.4,18,13.6,13.6,15.5,15.5,15.1,13.3,14,14
2000,137,18.9,17.2,18.9,14.9,14.9,16.9,16.9,16.1,15.7,15.2,15.2
2000,145,20.7,18.6,20.7,19.4,19.4,21.1,21.1,18.3,17.4,16.2,16.2
2000,153,22.8,19.3,22.8,20.7,20.7,22.1,22.1,20.4,18.5,17.3,17.3
2000,161,19.3,16.9,19.3,17.8,17.8,19.6,19.6,17.5,16.1,15.4,15.4
2000,169,27.6,23,27.6,24.4,24.4,28.7,28.7,25.9,20.6,18.1,18.1
2000,177,28.8,26.5,28.8,28.6,28.6,36,36,27.1,22.1,17.3,17.3
2000,185,29,26.5,29,29.8,29.8,30.9,30.9,26.6,24.7,18.9,18.9
2000,193,34,27.4,34,31.5,31.5,30.2,30.2,27.6,30.5,17.6,17.6
2000,201,32.6,27.7,32.6,29.6,29.6,29.9,29.9,28.3,31.1,21.6,21.6
2000,209,32.1,26.4,32.1,27.3,27.3,29.7,29.7,27,30.7,18.3,18.3
2000,217,29.6,24.9,29.6,25.3,25.3,27.9,27.9,24.3,28.5,18.9,18.9
2000,225,27,21.5,27,22.8,22.8,25.3,25.3,21.1,25.2,14.7,14.7
2000,233,27.1,21.6,27.1,23.1,23.1,25.5,25.5,21.6,24.6,14.7,14.7
2000,241,21.4,16.5,21.4,19.3,19.3,19.1,19.1,17.6,19.9,12.4,12.4
2000,249,17.4,14.6,17.4,16,16,16.3,16.3,15.4,17.6,12.1,12.1
2000,257,17.3,15.5,17.3,15.9,15.9,16.8,16.8,16.2,18.7,12.6,12.6
2000,265,14,12.2,14,12.4,12.4,14.3,14.3,13.2,15.3,7.7,7.7
2000,273,9.4,7.8,9.4,8.7,8.7,9.7,9.7,8.6,8.3,7,7
2000,281,7.4,6.7,7.4,6.9,6.9,7.8,7.8,7.2,7,6.7,6.7
2000,289,5.1,4.9,5.1,4.9,4.9,5.1,5.1,5.1,5,5.1,5.1
2000,297,5.7,5.5,5.7,5.6,5.6,5.3,5.3,5.7,5.8,6,6
2000,305,3.9,3.8,3.9,3.9,3.9,3.8,3.8,3.9,4,4.1,4.1
2000,313,3.5,3.7,3.5,3.7,3.7,3.5,3.5,3.5,3.6,3.9,3.9
2000,321,3.7,4.1,3.7,4.1,4.1,3.7,3.7,3.9,3.9,4.4,4.4
2000,329,1.7,1.8,1.7,1.8,1.8,1.8,1.8,1.8,1.9,1.9,1.9
2000,337,2.9,3,2.9,3,3,2.9,2.9,2.9,2.9,3,3
2000,345,2.4,2.7,2.4,2.7,2.7,2.3,2.3,2.6,2.6,3.1,3.1
2000,353,2.3,2.5,2.3,2.5,2.5,2.4,2.4,2.4,2.4,2.6,2.6
2000,361,1.8,1.8,1.8,1.9,1.9,1.9,1.9,1.8,1.8,1.8,1.8
2001,369,3.2,3.4,3.2,3.4,3.4,3,3,3.1,3.2,3.3,3.3
2001,377,3.9,4.1,3.9,4,4,3.5,3.5,3.8,4,4.1,4.1
2001,385,3,3.1,3,3.2,3.2,3,3,3,3.1,3.2,3.2
2001,393,3.4,3.5,3.4,3.5,3.5,3.4,3.4,3.4,3.4,3.6,3.6
2001,401,3.5,3.6,3.5,3.6,3.6,3.4,3.4,3.5,3.6,3.7,3.7
2001,409,3.3,3.5,3.3,3.5,3.5,3.3,3.3,3.3,3.6,3.6,3.6
2001,417,4.6,4.7,4.6,4.7,4.7,4.5,4.5,4.6,4.7,4.7,4.7
2001,425,4.5,4.6,4.5,4.6,4.6,4.4,4.4,4.8,4.8,4.7,4.7
2001,433,6.2,6.3,6.2,5.9,5.9,5.7,5.7,6.3,6.2,6.2,6.2
2001,441,5.8,5.9,5.8,5.8,5.8,5.9,5.9,5.9,5.8,5.8,5.8
2001,449,7.1,7.1,7.1,7.1,7.1,7.3,7.3,7.3,7.1,6.7,6.7
2001,457,7.6,7.6,7.6,7.6,7.6,7.7,7.7,7.7,7.7,7.6,7.6
2001,465,9,8.9,9,9,9,9.1,9.1,8.8,8.6,8.4,8.4
2001,473,11.7,11.4,11.7,11.3,11.3,11.9,11.9,10.8,10.3,9.7,9.7
2001,481,13.9,13.1,13.9,12.9,12.9,14.9,14.9,14.3,14.4,12.4,12.4
2001,489,14.6,13.5,14.6,13.5,13.5,16,16,14.3,12.4,12.4,12.4
2001,497,15.5,13.7,15.5,15.8,15.8,16.9,16.9,14.9,13.3,12.3,12.3
2001,505,20.1,18.1,20.1,19.1,19.1,23.1,23.1,17.2,13.6,12.7,12.7
2001,513,18.3,17,18.3,17.3,17.3,17.3,17.3,16,13.7,12.8,12.8
2001,521,19.5,18.4,19.5,18.8,18.8,18.2,18.2,17.5,15.6,14.8,14.8
2001,529,20.7,18.9,20.7,19.8,19.8,18.3,18.3,17.6,15.5,15,15
2001,537,26.2,22.3,26.2,24.7,24.7,19.9,19.9,19.3,17.3,15,15
2001,545,29.7,24.5,29.7,27.8,27.8,25.1,25.1,23,20.1,15.9,15.9
2001,553,35.1,27.2,35.1,32.4,32.4,32.2,32.2,28.6,23.4,16,16
2001,561,28.2,22.2,28.2,25.7,25.7,26.6,26.6,23.4,20.2,16.1,16.1
2001,569,30.8,24.4,30.8,27.4,27.4,29.5,29.5,25.5,29.6,18.1,18.1
2001,577,27.2,22.3,27.2,23.9,23.9,25.9,25.9,24.5,26.2,18.7,18.7
2001,585,33.8,24,33.8,27.4,27.4,30.1,30.1,28.3,30.8,18.1,18.1
2001,593,29,21.9,29,24.8,24.8,28,28,29.2,27,15.9,15.9
2001,601,22,18.3,22,19.6,19.6,21.2,21.2,21.8,21.9,15.6,15.6
2001,609,24,20.5,24,21.2,21.2,23.3,23.3,22.7,24.7,16,16
2001,617,20.5,17,20.5,17.7,17.7,19.1,19.1,18.4,20.9,12.4,12.4
2001,625,14.6,12,14.6,12.2,12.2,13.1,13.1,13.1,15.5,10.1,10.1
2001,633,11.1,10.2,11.1,10.3,10.3,10.9,10.9,11.3,13.1,9.7,9.7
2001,641,11,9.7,11,9.9,9.9,11.3,11.3,10.2,14.6,9.3,9.3
2001,649,6.5,6.4,6.5,6.4,6.4,7,7,6.7,6.1,6.2,6.2
2001,657,5.6,5.5,5.6,5.5,5.5,6.1,6.1,6,5.6,5.7,5.7
2001,665,3.9,3.7,3.9,3.8,3.8,4.2,4.2,4.1,3.8,3.9,3.9
2001,673,3.4,3.4,3.4,3.4,3.4,3.6,3.6,3.6,3.5,3.6,3.6
2001,681,4.2,4.3,4.2,4.3,4.3,4.3,4.3,4.4,4.5,4.7,4.7
2001,689,3,3.1,3,3.1,3.1,3,3,3.2,3.5,3.8,3.8
2001,697,2.3,2.4,2.3,2.3,2.3,2.4,2.4,2.5,2.6,2.7,2.7
2001,705,1.7,1.7,1.7,1.7,1.7,1.8,1.8,1.8,1.8,2,2
2001,713,1.7,1.8,1.7,1.8,1.8,1.6,1.6,1.9,2.2,2.6,2.6
2001,721,3.3,3.4,3.3,3.5,3.5,3.2,3.2,3.4,3.8,4.3,4.3
2001,729,2.1,2.1,2.1,2.2,2.2,2.1,2.1,2.1,2.2,2.5,2.5
2002,737,3.6,3.4,3.6,3.4,3.4,3.1,3.1,3.3,3.7,3.3,3.3
2002,745,3.4,3.1,3.4,3.1,3.1,2.9,2.9,2.7,3.3,2.7,2.7
2002,753,2.4,2.3,2.4,2.2,2.2,2.1,2.1,2.4,2.6,2.3,2.3
2002,761,2.4,2.3,2.4,2.3,2.3,2.1,2.1,2.2,2.5,2.2,2.2
2002,769,3.4,3.5,3.4,3.4,3.4,3.3,3.3,3.5,3.8,3.6,3.6
2002,777,3.9,4.3,3.9,4.2,4.2,4,4,4.2,4.5,4.2,4.2
2002,785,3.8,4,3.8,4,4,3.9,3.9,3.8,4.2,4,4
2002,793,4.6,4.7,4.6,4.8,4.8,4.6,4.6,4.5,5,4.5,4.5
2002,801,4.9,5.1,4.9,5,5,4.9,4.9,5,5.5,4.7,4.7
2002,809,4.7,4.9,4.7,5.1,5.1,4.7,4.7,4.7,5.6,4.9,4.9
2002,817,8.3,8.5,8.3,8.5,8.5,8.4,8.4,8.4,9.4,8.6,8.6
2002,825,8.9,8.9,8.9,9.3,9.3,9.2,9.2,8.9,8.4,8.2,8.2
2002,833,9.4,9.5,9.4,9.6,9.6,9.5,9.5,9.4,9.3,9.1,9.1
2002,841,10.6,10.8,10.6,11,11,11,11,10.2,10.1,10.3,10.3
2002,849,10.6,10.6,10.6,11,11,11.3,11.3,10.2,9.2,10.7,10.7
2002,857,11.3,11.2,11.3,11.4,11.4,11.1,11.1,10.2,10.5,10.7,10.7
2002,865,15.4,14.4,15.4,15.1,15.1,15.1,15.1,16.1,12.3,13.2,13.2
2002,873,18.2,16.4,18.2,15.7,15.7,20.1,20.1,16.8,13.7,14.3,14.3
2002,881,21.7,20.3,21.7,18.6,18.6,24.5,24.5,19.8,17,17.8,17.8
2002,889,20.4,19.5,20.4,20.5,20.5,24.1,24.1,19.3,14.5,16.2,16.2
2002,897,25.5,24.2,25.5,25.9,25.9,29.6,29.6,23.7,15.6,19.2,19.2
2002,905,25.8,25.3,25.8,26.1,26.1,28.9,28.9,23.8,17.2,18.8,18.8
2002,913,28.2,24.9,28.2,24.1,24.1,26.7,26.7,23.7,22.1,18.7,18.7
2002,921,26.6,24.4,26.6,24.7,24.7,27.9,27.9,26.3,27.8,17.8,17.8
2002,929,26.7,26.2,26.7,27.1,27.1,29.5,29.5,28.1,30.8,20,20
2002,937,28,27.6,28,31.5,31.5,31.8,31.8,29.8,34.4,17.3,17.3
2002,945,22.4,21.1,22.4,22.4,22.4,24.1,24.1,22.6,26.1,14.8,14.8
2002,953,25.8,23.3,25.8,23.2,23.2,27,27,25.9,29.3,15.8,15.8
2002,961,27.2,22.1,27.2,22.7,22.7,27.2,27.2,25.9,29.6,11.2,11.2
2002,969,26.1,21.3,26.1,23.1,23.1,26.2,26.2,26.2,28.2,13.1,13.1
2002,977,22.2,18.3,22.2,18.1,18.1,19.1,19.1,21.3,21.1,12.4,12.4
2002,985,17.6,17,17.6,16.2,16.2,17.8,17.8,18.8,17,12.5,12.5
2002,993,14.1,13.4,14.1,13.4,13.4,14,14,14.6,13.4,11.2,11.2
2002,1001,14.6,12.9,14.6,13.4,13.4,14.3,14.3,14.4,12.6,10.1,10.1
2002,1009,8.4,7.6,8.4,8,8,8.2,8.2,8.3,6.7,7,7
2002,1017,7,6.6,7,6.7,6.7,7.5,7.5,7,6,6,6
2002,1025,7.1,6.6,7.1,6.6,6.6,7.3,7.3,7.1,6.3,6.1,6.1
2002,1033,4.4,4.1,4.4,4.2,4.2,4.3,4.3,4.4,4.1,4.7,4.7
2002,1041,4.4,4.3,4.4,4.3,4.3,4.4,4.4,4.4,4.8,4.6,4.6
2002,1049,2.8,2.8,2.8,2.7,2.7,2.8,2.8,3,3,2.8,2.8
2002,1057,3.7,3.8,3.7,4,4,3.8,3.8,3.7,3.9,3.7,3.7
2002,1065,4.2,4.5,4.2,5,5,4.4,4.4,4.1,4.7,4,4
2002,1073,3.5,3.7,3.5,4.2,4.2,3.7,3.7,3.4,3.9,3.3,3.3
2002,1081,1.8,1.9,1.8,2,2,1.8,1.8,1.9,2,1.9,1.9
2002,1089,3.1,3.3,3.1,3.8,3.8,3.2,3.2,3,3.6,3,3
2002,1097,1.1,1.1,1.1,1.2,1.2,1.1,1.1,1.1,1.2,1.1,1.1
2003,1105,3.6,3.6,3.6,3.5,3.5,3.4,3.4,3.5,3.9,3.5,3.5
2003,1113,3,3.1,3,3,3,2.9,2.9,2.8,3.2,2.8,2.8
2003,1121,3.2,3.2,3.2,3.2,3.2,3.2,3.2,3.2,3.3,3.2,3.2
2003,1129,2.8,2.8,2.8,2.7,2.7,2.7,2.7,2.9,2.9,2.9,2.9
2003,1137,3.5,3.6,3.5,3.5,3.5,3.3,3.3,3.6,4,3.5,3.5
2003,1145,4.1,4.2,4.1,4,4,4,4,4.3,4.6,4.3,4.3
2003,1153,3.8,3.9,3.8,3.8,3.8,3.7,3.7,3.9,3.9,3.8,3.8
2003,1161,4.6,4.9,4.6,4.8,4.8,4.6,4.6,4.9,5,4.8,4.8
2003,1169,4,4.1,4,4,4,4.3,4.3,4.4,4.5,4.1,4.1
2003,1177,7.3,6.7,7.3,6.2,6.2,6.7,6.7,6.7,6.7,6.1,6.1
2003,1185,9.7,9,9.7,8.4,8.4,9.1,9.1,9,8.7,8.6,8.6
2003,1193,8.2,7.7,8.2,7.5,7.5,8.1,8.1,7.8,7.3,7.4,7.4
2003,1201,9.7,9.7,9.7,9.7,9.7,10.6,10.6,10,9.5,9.8,9.8
2003,1209,11.2,12,11.2,11.3,11.3,12.5,12.5,10.9,10.6,11.7,11.7
2003,1217,11.6,12.3,11.6,12.5,12.5,14,14,11.5,9.7,12.1,12.1
2003,1225,13.8,13.7,13.8,14.5,14.5,15,15,14,11.9,13.4,13.4
2003,1233,15.5,15,15.5,15.7,15.7,16.2,16.2,14.7,12.4,14.7,14.7
2003,1241,15.8,15.5,15.8,16.1,16.1,16.1,16.1,15.6,14.1,15.2,15.2
2003,1249,20.4,18.9,20.4,20,20,21.1,21.1,19.5,15.2,18.1,18.1
2003,1257,28.4,27.1,28.4,29,29,30.3,30.3,26.6,16.4,20.4,20.4
2003,1265,24.8,25.7,24.8,25.5,25.5,26,26,23.9,18.1,18.6,18.6
2003,1273,24.7,25.9,24.7,24.8,24.8,25.2,25.2,22.9,18,16.9,16.9
2003,1281,29.7,29.6,29.7,29.6,29.6,30,30,27.7,22.4,19,19
2003,1289,33.9,27.6,33.9,29.9,29.9,36.4,36.4,27,23.5,17.7,17.7
2003,1297,30.8,24.6,30.8,27.5,27.5,33.4,33.4,24.9,22.9,17.4,17.4
2003,1305,33.4,26.1,33.4,29.7,29.7,36.8,36.8,26.7,33,16.7,16.7
2003,1313,29.8,25.1,29.8,26.4,26.4,33.4,33.4,26.1,31.9,16.2,16.2
2003,1321,26.2,22.7,26.2,23.5,23.5,29.3,29.3,27.3,27.8,15,15
2003,1329,25.8,22.4,25.8,23,23,28.7,28.7,21.9,26.2,13.1,13.1
2003,1337,22.8,19.9,22.8,20.2,20.2,24.8,24.8,19.1,21.6,11.1,11.1
2003,1345,23.7,19.9,23.7,20.7,20.7,24.7,24.7,19.6,22.9,10.7,10.7
2003,1353,16.8,15.6,16.8,16,16,17.4,17.4,15,17.4,12,12
2003,1361,12.8,11.4,12.8,11.7,11.7,13.1,13.1,11.4,14.3,10.5,10.5
2003,1369,15.1,11.5,15.1,11.9,11.9,15.5,15.5,13.5,13.4,10,10
2003,1377,9.3,8.9,9.3,8,8,10.5,10.5,9.1,8.1,8.1,8.1
2003,1385,6.5,6.6,6.5,5.9,5.9,6.5,6.5,6.5,6.5,6.2,6.2
2003,1393,6,5.9,6,5.3,5.3,6,6,5.7,5.7,5.6,5.6
2003,1401,5.9,5.8,5.9,5.4,5.4,5.8,5.8,5.4,5.4,5.3,5.3
2003,1409,4,4.1,4,4,4,3.9,3.9,4,4,3.9,3.9
2003,1417,3.4,3.3,3.4,3.2,3.2,3.3,3.3,3.6,3.3,3.4,3.4
2003,1425,2.3,2.4,2.3,2.3,2.3,2.1,2.1,2.3,2.4,2.2,2.2
2003,1433,2.3,2.4,2.3,2.2,2.2,2.2,2.2,2.5,2.5,2.5,2.5
2003,1441,2.7,2.8,2.7,2.5,2.5,2.4,2.4,2.9,2.9,2.7,2.7
2003,1449,2.2,2.3,2.2,1.9,1.9,1.9,1.9,2.3,2.2,2,2
2003,1457,3.2,3.4,3.2,2.7,2.7,2.6,2.6,3.7,3.8,3.6,3.6
2003,1465,1.5,1.5,1.5,1.1,1.1,1,1,1.7,1.8,1.7,1.7
2004,1473,4.1,4.3,4.1,4.2,4.2,2.2,2.2,4.4,1.8,4.5,4.5
2004,1481,3.3,3.3,3.3,3.5,3.5,2.7,2.7,3.4,2.5,3.3,3.3
2004,1489,3.4,3.5,3.4,3.5,3.5,2.7,2.7,3.5,2.6,3.5,3.5
2004,1497,2.7,2.8,2.7,2.7,2.7,2.3,2.3,3,2.5,2.9,2.9
2004,1505,3.6,3.7,3.6,3.7,3.7,3.3,3.3,3.7,3.4,3.7,3.7
2004,1513,4,4.1,4,4.1,4.1,4,4,4.1,4.1,3.9,3.9
2004,1521,4.9,5,4.9,4.9,4.9,4.9,4.9,4.7,5.1,4.9,4.9
2004,1529,5.6,5.7,5.6,5.7,5.7,5.5,5.5,5.2,5.5,5.6,5.6
2004,1537,6.3,6.3,6.3,6.1,6.1,6.3,6.3,6.9,6.7,6.2,6.2
2004,1545,5.3,5.4,5.3,5.3,5.3,5.2,5.2,5.5,5.7,5.5,5.5
2004,1553,7.9,8,7.9,7.8,7.8,8.2,8.2,8.1,8.2,8,8
2004,1561,9.8,9.1,9.8,9.3,9.3,10.3,10.3,10,10.7,8.7,8.7
2004,1569,12.9,11.8,12.9,11.8,11.8,13.5,13.5,13,13.3,11.4,11.4
2004,1577,13.6,13.3,13.6,13.3,13.3,14.1,14.1,13.7,12.7,12.4,12.4
2004,1585,17.1,15,17.1,15.7,15.7,17.7,17.7,15.5,12.3,13.1,13.1
2004,1593,17.1,15.1,17.1,16.1,16.1,17.3,17.3,15.6,12.2,13.5,13.5
2004,1601,20.6,18.7,20.6,18.6,18.6,19.5,19.5,17.7,14.2,15.7,15.7
2004,1609,24,21.2,24,21.7,21.7,23,23,20.6,15.8,18.7,18.7
2004,1617,19.3,17.9,19.3,18.8,18.8,19.8,19.8,17.3,15.3,16.1,16.1
2004,1625,26.1,23.8,26.1,24.2,24.2,27.9,27.9,29,18.6,17.2,17.2
2004,1633,25.7,22.5,25.7,21.9,21.9,25.4,25.4,23.8,19.1,16.8,16.8
2004,1641,33.8,30.3,33.8,28.8,28.8,32.1,32.1,29.7,21.8,17.6,17.6
2004,1649,30,27.9,30,31.7,31.7,29.3,29.3,26.7,21,18,18
2004,1657,27.4,28.1,27.4,28.7,28.7,27.6,27.6,25.6,26,19.8,19.8
2004,1665,27.6,30.8,27.6,30.2,30.2,30.4,30.4,26.8,37.3,17.5,17.5
2004,1673,28.4,31.1,28.4,30.3,30.3,29.3,29.3,25.1,33.1,15.9,15.9
2004,1681,28.4,29.7,28.4,29.1,29.1,28.8,28.8,24.7,31.9,16.2,16.2
2004,1689,25.6,22.7,25.6,23.9,23.9,28.7,28.7,23.7,27.7,16.2,16.2
2004,1697,29.6,25.9,29.6,25.7,25.7,35,35,24.6,32.5,15.4,15.4
2004,1705,20.2,18.7,20.2,17.6,17.6,22.3,22.3,17.8,22.6,15.9,15.9
2004,1713,21.7,19.7,21.7,18,18,25.2,25.2,18,25.4,16.2,16.2
2004,1721,18.2,16.4,18.2,15,15,19.1,19.1,14.6,20.1,13.3,13.3
2004,1729,11.5,10.9,11.5,10.6,10.6,10.5,10.5,10.2,13.5,10.1,10.1
2004,1737,12.1,11.8,12.1,12.8,12.8,13.6,13.6,12.8,10.1,12.7,12.7
2004,1745,10.6,9.9,10.6,10.2,10.2,11.6,11.6,10.8,8.9,11.8,11.8
2004,1753,8.4,7.9,8.4,7.8,7.8,8.1,8.1,7.8,7.8,7.6,7.6
2004,1761,5.3,5.2,5.3,5.1,5.1,5.3,5.3,5.2,5.2,5.3,5.3
2004,1769,4,4.1,4,4,4,4,4,4.1,4.2,4.2,4.2
2004,1777,3.3,3.4,3.3,3.3,3.3,3.3,3.3,3.6,3.3,3.2,3.2
2004,1785,4.1,3.8,4.1,4.2,4.2,4.2,4.2,4.1,4.1,4,4
2004,1793,2.6,2.8,2.6,2.8,2.8,2.6,2.6,2.8,2.9,2.7,2.7
2004,1801,2.7,2.9,2.7,2.8,2.8,2.7,2.7,2.8,2.9,2.7,2.7
2004,1809,1.8,2,1.8,1.9,1.9,1.8,1.8,2,2.1,2,2
2004,1817,2.9,3.3,2.9,3.2,3.2,3.1,3.1,3,3.1,2.8,2.8
2004,1825,2.2,2.4,2.2,2.4,2.4,2.3,2.3,2.2,2.2,2.1,2.1
2004,1833,2,2.1,2,2.1,2.1,2.1,2.1,1.9,2,1.8,1.8
2005,1841,2.9,3.3,2.9,3.1,3.1,2.8,2.8,4.3,5.3,4.9,4.9
2005,1849,2.7,3,2.7,2.8,2.8,2.6,2.6,3.9,4.8,4.4,4.4
2005,1857,3,3,3,3,3,3,3,3.3,3.5,3.4,3.4
2005,1865,3.9,4.1,3.9,4,4,3.9,3.9,3.9,3.9,3.8,3.8
2005,1873,3.6,3.8,3.6,3.7,3.7,3.6,3.6,3.7,3.8,3.6,3.6
2005,1881,3.9,4.1,3.9,4,4,3.8,3.8,3.9,4.1,3.8,3.8
2005,1889,4.5,4.4,4.5,4.4,4.4,4.5,4.5,4.5,4.4,4.4,4.4
2005,1897,6.4,6.6,6.4,6.7,6.7,6.4,6.4,6.4,6.6,6.3,6.3
2005,1905,7.4,7.4,7.4,7.4,7.4,7.5,7.5,7.3,7.5,7.3,7.3
2005,1913,6.7,6.7,6.7,6.8,6.8,6.4,6.4,6.7,6.6,6.3,6.3
2005,1921,6.2,6.1,6.2,6.2,6.2,6.5,6.5,6.3,6.5,6.7,6.7
2005,1929,7.6,7.8,7.6,7.8,7.8,7.5,7.5,7.2,7.6,7.5,7.5
2005,1937,8.7,8.9,8.7,8.9,8.9,8.6,8.6,8.6,8.7,8.4,8.4
2005,1945,12.8,12.2,12.8,12.6,12.6,14.4,14.4,11.7,11.8,12.3,12.3
2005,1953,15,13.4,15,13.9,13.9,17.5,17.5,13.2,13.4,15.9,15.9
2005,1961,16.7,16,16.7,15.5,15.5,17.6,17.6,14.3,14.4,16.4,16.4
2005,1969,19.1,18.7,19.1,17.9,17.9,20.5,20.5,15.8,16.4,18.5,18.5
2005,1977,17.1,16.2,17.1,16.3,16.3,17.9,17.9,13.6,14.8,15.9,15.9
2005,1985,23.4,22.2,23.4,22.8,22.8,26.7,26.7,26.8,16,21.5,21.5
2005,1993,18,17.8,18,17.3,17.3,18.3,18.3,19.3,16.3,17.1,17.1
2005,2001,19.5,19.3,19.5,18.3,18.3,19.6,19.6,19.7,18,17.5,17.5
2005,2009,23.7,22.7,23.7,21.6,21.6,23.5,23.5,23.7,22.1,20.3,20.3
2005,2017,24,22.6,24,23.1,23.1,24.1,24.1,24,25.3,20.5,20.5
2005,2025,24.3,21.9,24.3,24.2,24.2,24.8,24.8,22.8,27.9,19.1,19.1
2005,2033,34.2,25.9,34.2,29.2,29.2,30.3,30.3,27.1,33.4,22.1,22.1
2005,2041,33,26.9,33,28.5,28.5,29.8,29.8,26,33.1,18.4,18.4
2005,2049,31.7,26.7,31.7,29.2,29.2,31.3,31.3,29.9,34.1,17.8,17.8
2005,2057,30.2,26.4,30.2,27.2,27.2,35.8,35.8,30,32.7,19.7,19.7
2005,2065,27.3,23.7,27.3,23.3,23.3,28.9,28.9,28.4,28.9,15.8,15.8
2005,2073,23.7,20.8,23.7,20.7,20.7,21.4,21.4,23.1,25.5,14.1,14.1
2005,2081,18.9,16.7,18.9,16.9,16.9,17.6,17.6,16.4,20.4,13.9,13.9
2005,2089,17.5,15.6,17.5,15.9,15.9,16.8,16.8,14.9,20,11.8,11.8
2005,2097,11.1,11,11.1,9.3,9.3,9.4,9.4,12.1,12,10.8,10.8
2005,2105,10.2,10,10.2,7.5,7.5,7.6,7.6,10.1,9.9,8.4,8.4
2005,2113,7.6,7.6,7.6,7.6,7.6,7.7,7.7,7.6,7.5,7.3,7.3
2005,2121,6.2,6.1,6.2,6.2,6.2,6.2,6.2,6.3,6.1,5.8,5.8
2005,2129,5.8,5.9,5.8,6,6,6.1,6.1,6.4,6.1,5.8,5.8
2005,2137,5.1,5,5.1,5.6,5.6,5.6,5.6,5.4,5.3,5,5
2005,2145,2.4,2.4,2.4,2.4,2.4,2.3,2.3,2.7,2.8,2.5,2.5
2005,2153,3.3,3.3,3.3,3.5,3.5,3.6,3.6,3.3,3.4,3.2,3.2
2005,2161,4.7,4.9,4.7,5.8,5.8,5.5,5.5,4.5,4.5,4.3,4.3
2005,2169,2.4,2.5,2.4,2.9,2.9,2.7,2.7,2.2,2.2,2.1,2.1
2005,2177,3.2,3.4,3.2,4,4,3.7,3.7,3.2,3.3,3,3
2005,2185,3.1,3.3,3.1,4,4,3.6,3.6,3.1,3.1,2.8,2.8
2005,2193,2.7,2.7,2.7,3,3,2.8,2.8,2.8,2.8,2.7,2.7
2005,2201,1.4,1.5,1.4,1.6,1.6,1.5,1.5,1.5,1.5,1.5,1.5
2006,2209,2.4,2.2,2.4,1.9,1.9,1.9,1.9,2,2.2,1.9,1.9
2006,2217,1.8,1.7,1.8,1.6,1.6,1.6,1.6,1.6,1.8,1.5,1.5
2006,2225,2.7,2.7,2.7,2.4,2.4,2.3,2.3,2.6,2.7,2.5,2.5
2006,2233,3.2,3.1,3.2,2.8,2.8,2.8,2.8,2.9,3.1,2.8,2.8
2006,2241,3.9,3.9,3.9,4.3,4.3,4.2,4.2,3.9,4,3.8,3.8
2006,2249,4,4.3,4,4.7,4.7,4.6,4.6,4.2,4.2,4.1,4.1
2006,2257,3.3,3.5,3.3,4.1,4.1,4,4,3.4,3.5,3.4,3.4
2006,2265,4.6,4.7,4.6,5.7,5.7,5.6,5.6,4.6,4.8,4.6,4.6
2006,2273,4.7,4.7,4.7,5.5,5.5,5.5,5.5,4.7,4.7,4.5,4.5
2006,2281,6.4,6.2,6.4,7.2,7.2,7.1,7.1,6.2,6.4,6,6
2006,2289,8.4,8.5,8.4,9.2,9.2,8.6,8.6,8.1,8.5,8.2,8.2
2006,2297,8.6,8.3,8.6,8.4,8.4,8.3,8.3,9.2,9.1,8.3,8.3
2006,2305,9.6,9.5,9.6,9.6,9.6,9.6,9.6,10.7,10.3,9.3,9.3
2006,2313,9.7,9.9,9.7,9.8,9.8,9.8,9.8,10.7,10.5,9.8,9.8
2006,2321,12.5,11.4,12.5,10.2,10.2,11.6,11.6,13.4,12.7,13.3,13.3
2006,2329,12.4,12.1,12.4,9.4,9.4,10.8,10.8,12.5,11.5,13.7,13.7
2006,2337,16.9,14.9,16.9,11.8,11.8,11.6,11.6,14.3,12.2,15.8,15.8
2006,2345,19.2,18,19.2,15.9,15.9,15.6,15.6,17.1,15.8,18.2,18.2
2006,2353,18,17.2,18,15.8,15.8,15.5,15.5,16.2,15.4,17.1,17.1
2006,2361,22.4,21.9,22.4,19.6,19.6,19.8,19.8,20.5,18.9,21.1,21.1
2006,2369,27.8,25.7,27.8,21.8,21.8,22.1,22.1,23.2,19,22.4,22.4
2006,2377,31.1,25.5,31.1,21.5,21.5,20,20,23.5,17.2,15.5,15.5
2006,2385,36.6,28.2,36.6,23,23,20,20,25.6,17.2,13.7,13.7
2006,2393,31.9,24.7,31.9,21.8,21.8,19.8,19.8,24.6,24,15.7,15.7
2006,2401,28.7,22.6,28.7,20.2,20.2,18.5,18.5,22.8,26.4,15.8,15.8
2006,2409,33.9,26,33.9,22.5,22.5,19.3,19.3,30,36.2,14.7,14.7
2006,2417,24.8,20.9,24.8,19.2,19.2,17.3,17.3,23.2,27.2,14.7,14.7
2006,2425,26.1,21.7,26.1,19.9,19.9,17,17,23.6,28.1,14.8,14.8
2006,2433,25.6,21.4,25.6,19,19,15.3,15.3,22.3,25.8,14,14
2006,2441,22.9,20.8,22.9,15.1,15.1,14.3,14.3,21.1,19.5,11.7,11.7
2006,2449,20.9,17.9,20.9,13.2,13.2,12.8,12.8,20.1,17.6,9.7,9.7
2006,2457,18.6,16.1,18.6,13.2,13.2,13.5,13.5,17.7,19.7,11.4,11.4
2006,2465,13.1,12.1,13.1,10.3,10.3,10.9,10.9,12.7,12.6,10.1,10.1
2006,2473,15.5,14.2,15.5,10.1,10.1,11.9,11.9,15.1,13.1,11.4,11.4
2006,2481,9.1,8.2,9.1,6.8,6.8,7.3,7.3,9.1,7.9,7.4,7.4
2006,2489,8,6.9,8,6.2,6.2,6.3,6.3,7.8,6.5,6.7,6.7
2006,2497,6.5,6,6.5,6,6,5.9,5.9,6.3,6,5.7,5.7
2006,2505,4.2,4.3,4.2,4.4,4.4,4.3,4.3,4.4,4.5,4.2,4.2
2006,2513,3.8,3.9,3.8,4.1,4.1,3.9,3.9,3.9,4,3.8,3.8
2006,2521,2.9,3,2.9,3.1,3.1,3,3,3.1,3.2,3.1,3.1
2006,2529,2.9,3,2.9,2.4,2.4,2.9,2.9,3.2,3.3,3.2,3.2
2006,2537,3.7,3.8,3.7,2.3,2.3,3.6,3.6,4,4.1,4,4
2006,2545,7,7,7,4.4,4.4,7.1,7.1,6.9,6.9,6.9,6.9
2006,2553,4.5,4.6,4.5,2.7,2.7,4.4,4.4,4.9,5,4.9,4.9
2006,2561,4,4,4,2.7,2.7,3.9,3.9,4.2,4.2,4.2,4.2
2006,2569,3.8,3.8,3.8,2.4,2.4,3.8,3.8,3.8,3.8,3.8,3.8
2007,2577,3.2,3.3,3.2,3.2,3.2,3.1,3.1,3.6,3.7,1.3,1.3
2007,2585,5.1,5.4,5.1,5.2,5.2,5.2,5.2,5.4,5.6,2.6,2.6
2007,2593,2.5,2.6,2.5,2.6,2.6,2.6,2.6,2.6,2.7,2.1,2.1
2007,2601,4.9,4.9,4.9,5.8,5.8,5.8,5.8,4.9,5,4.6,4.6
2007,2609,4.4,4.5,4.4,5,5,5,5,4.3,4.3,4.2,4.2
2007,2617,4.5,4.6,4.5,5.1,5.1,5,5,4.6,4.7,4.6,4.6
2007,2625,4.2,4.5,4.2,5,5,5,5,4.3,4.5,4.2,4.2
2007,2633,4.2,4.6,4.2,5.2,5.2,5,5,4.2,4.5,4.1,4.1
2007,2641,7.2,7.9,7.2,8.5,8.5,7.8,7.8,7.5,7.7,7.2,7.2
2007,2649,5.4,5.5,5.4,5.6,5.6,5.6,5.6,5.5,5.6,5.3,5.3
2007,2657,8,7.7,8,7.5,7.5,7.6,7.6,8,7.6,6.9,6.9
2007,2665,8.5,8.2,8.5,7.7,7.7,8,8,8.7,8.2,7.4,7.4
2007,2673,10.6,10.5,10.6,10.3,10.3,10.3,10.3,10.5,10,10.2,10.2
2007,2681,11.9,11.1,11.9,11.3,11.3,11.4,11.4,11.4,11,11.4,11.4
2007,2689,13.4,12.1,13.4,12.6,12.6,13,13,12.5,12.8,13.3,13.3
2007,2697,17.5,16.6,17.5,15.9,15.9,16.9,16.9,15.4,15.6,16.8,16.8
2007,2705,20.4,18.9,20.4,16.6,16.6,16.4,16.4,16.5,15,18.4,18.4
2007,2713,19.2,18.5,19.2,17.3,17.3,16.6,16.6,17.9,15.5,17.3,17.3
2007,2721,23.8,21.4,23.8,20.2,20.2,19.6,19.6,19.5,16.5,19.2,19.2
2007,2729,19.6,19.7,19.6,18.9,18.9,18.7,18.7,18.7,17,18.8,18.8
2007,2737,18,17.3,18,17.9,17.9,18.3,18.3,18.1,17.1,18.4,18.4
2007,2745,21.2,19.4,21.2,18.5,18.5,21.6,21.6,20.6,18,21.3,21.3
2007,2753,23.5,18,23.5,17.5,17.5,20.9,20.9,19.9,21.1,21.1,21.1
2007,2761,30.3,29,30.3,28.2,28.2,23.7,23.7,28.9,30.2,21.9,21.9
2007,2769,30.3,27.4,30.3,26.1,26.1,23,23,25.8,29.2,21.6,21.6
2007,2777,30.1,26.1,30.1,24.5,24.5,27,27,25.2,29.6,22.4,22.4
2007,2785,36,27.2,36,25.4,25.4,26.4,26.4,26.4,30.3,21.8,21.8
2007,2793,22.7,22.8,22.7,22.1,22.1,21.3,21.3,23.8,25.5,20.9,20.9
2007,2801,22.5,20.8,22.5,19.4,19.4,18.1,18.1,20.5,28.1,18.7,18.7
2007,2809,21.4,19.8,21.4,18.5,18.5,17.3,17.3,19.4,26.6,16.9,16.9
2007,2817,18.3,17.7,18.3,16.3,16.3,14.9,14.9,17.1,22.5,14.4,14.4
2007,2825,20.9,18.8,20.9,16.4,16.4,15.9,15.9,17.7,22.3,13.3,13.3
2007,2833,11.6,10.9,11.6,11,11,11.2,11.2,13.6,15.4,10.7,10.7
2007,2841,8.9,8.8,8.9,8.7,8.7,9.5,9.5,9.2,12.2,9.1,9.1
2007,2849,7.2,7.4,7.2,7.3,7.3,7.3,7.3,7.4,7.6,7.4,7.4
2007,2857,6.4,7.3,6.4,6.7,6.7,7.2,7.2,7.3,7.6,7.4,7.4
2007,2865,4.8,5.4,4.8,4.9,4.9,5.3,5.3,5.5,5.4,5.4,5.4
2007,2873,4.7,4.8,4.7,4.8,4.8,4.6,4.6,4.9,4.9,4.5,4.5
2007,2881,3.6,3.6,3.6,3.7,3.7,3.7,3.7,3.6,3.6,3.4,3.4
2007,2889,4.3,4.4,4.3,4.4,4.4,4.2,4.2,4.2,4.4,4.1,4.1
2007,2897,3.6,3.6,3.6,3.7,3.7,3.5,3.5,3.1,3.2,3,3
2007,2905,3,3,3,3,3,2.8,2.8,2.3,2.4,2.1,2.1
2007,2913,3.6,3.7,3.6,3.6,3.6,3.5,3.5,3.2,3.4,3.1,3.1
2007,2921,2.2,2.2,2.2,2.2,2.2,2.1,2.1,2,2.1,2,2
2007,2929,1.8,1.8,1.8,1.8,1.8,1.7,1.7,1.7,1.8,1.7,1.7
2007,2937,1,1,1,1,1,1,1,1,1,1,1
2008,2945,3.3,3.3,3.3,3.4,3.4,3.3,3.3,3.1,3.4,3,3
2008,2953,2.5,2.6,2.5,2.6,2.6,2.5,2.5,2.5,2.6,2.4,2.4
2008,2961,3.8,3.8,3.8,3.9,3.9,3.7,3.7,3.5,3.9,3.3,3.3
2008,2969,2.5,2.5,2.5,2.5,2.5,2.4,2.4,2.5,2.7,2.5,2.5
2008,2977,2.8,2.8,2.8,2.8,2.8,2.7,2.7,2.7,3,2.8,2.8
2008,2985,4,4.1,4,4.1,4.1,4,4,4.1,4.3,4,4
2008,2993,5.1,5.3,5.1,5.4,5.4,5.2,5.2,5,5.3,5.2,5.2
2008,3001,5.6,5.8,5.6,5.9,5.9,5.6,5.6,5.8,5.9,5.8,5.8
2008,3009,5.9,6.3,5.9,6.5,6.5,5.8,5.8,6.1,6.1,6,6
2008,3017,5.6,5.6,5.6,6,6,5.4,5.4,5.6,5.4,5.5,5.5
2008,3025,5.8,5.9,5.8,6.5,6.5,5.7,5.7,6,5.8,5.8,5.8
2008,3033,7.5,7.5,7.5,7.7,7.7,7.3,7.3,6.9,6.9,7.1,7.1
2008,3041,9.3,9.3,9.3,9.2,9.2,8.9,8.9,9.2,9.1,9,9
2008,3049,8.1,8.3,8.1,8.3,8.3,8.2,8.2,8.2,7.9,7.7,7.7
2008,3057,10,9.6,10,9.4,9.4,9.7,9.7,9.8,9.9,9.5,9.5
2008,3065,13,13.7,13,13.3,13.3,12.1,12.1,12.6,12.6,12.5,12.5
2008,3073,14.2,14.2,14.2,14,14,12.8,12.8,12.9,13.1,13.1,13.1
2008,3081,19.4,18.5,19.4,17.8,17.8,14.5,14.5,17.3,14.5,16.9,16.9
2008,3089,25.6,22.5,25.6,22.1,22.1,21.3,21.3,21.1,16.2,19.3,19.3
2008,3097,20.6,18.8,20.6,18.6,18.6,18.8,18.8,19.1,16.9,17.9,17.9
2008,3105,23,20.6,23,20.3,20.3,21.2,21.2,21.3,17.8,19.4,19.4
2008,3113,21.6,19,21.6,18.6,18.6,18.8,18.8,19.8,14.9,18.3,18.3
2008,3121,31.5,25.9,31.5,24.9,24.9,24.4,24.4,27.3,19,23.3,23.3
2008,3129,28.6,23.6,28.6,23.1,23.1,22.8,22.8,26.1,20.2,20.9,20.9
2008,3137,31.4,24.5,31.4,23.8,23.8,24.4,24.4,28.6,19,19.1,19.1
2008,3145,30.9,24.7,30.9,24.1,24.1,23.6,23.6,26.4,19.5,18.9,18.9
2008,3153,23.4,20.5,23.4,20.1,20.1,19.8,19.8,20.7,23.2,18,18
2008,3161,30.3,24.3,30.3,23.6,23.6,24.2,24.2,24.5,30.4,19.6,19.6
2008,3169,24.6,24.6,24.6,23.8,23.8,23.8,23.8,24.6,24.5,19.2,19.2
2008,3177,19.3,19,19.3,18.6,18.6,18.7,18.7,19.8,18.8,17.9,17.9
2008,3185,15.5,15.2,15.5,14.2,14.2,14.5,14.5,16.3,13.6,14.1,14.1
2008,3193,18.2,16.5,18.2,16.2,16.2,17.1,17.1,18.8,13.8,15.6,15.6
2008,3201,16.5,14.7,16.5,14.5,14.5,15.8,15.8,17.6,11.9,12.9,12.9
2008,3209,11.2,10.3,11.2,9.5,9.5,11,11,11.7,9.2,10,10
2008,3217,9.5,8.6,9.5,8.6,8.6,9.6,9.6,10.8,9.1,9.6,9.6
2008,3225,5.4,5,5.4,5,5,5.3,5.3,5.8,5.4,5.8,5.8
2008,3233,4.6,4.5,4.6,4.5,4.5,4.5,4.5,4.7,4.8,4.6,4.6
2008,3241,5.5,5.6,5.5,5.5,5.5,5.6,5.6,5.7,5.9,5.7,5.7
2008,3249,3.6,3.6,3.6,3.5,3.5,3.5,3.5,3.8,4,3.8,3.8
2008,3257,3.5,3.6,3.5,3.5,3.5,3.5,3.5,3.8,4.1,3.9,3.9
2008,3265,3.9,4,3.9,3.6,3.6,3.7,3.7,3.6,3.7,3.5,3.5
2008,3273,2.7,2.7,2.7,2.3,2.3,2.4,2.4,2.6,2.6,2.6,2.6
2008,3281,3.1,3.1,3.1,2.4,2.4,2.5,2.5,2.9,3,2.9,2.9
2008,3289,3.9,3.9,3.9,2.4,2.4,2.6,2.6,3.8,3.8,3.8,3.8
2008,3297,3.5,3.5,3.5,2,2,2.1,2.1,3.6,3.8,3.6,3.6
2008,3305,2,2,2,1.2,1.2,1.2,1.2,2.1,2.2,2.1,2.1
2009,3313,1.9,2,1.9,1.9,1.9,1.9,1.9,1.9,1.9,1.7,1.7
2009,3321,2.4,2.5,2.4,2.4,2.4,2.4,2.4,2.3,2.2,2.1,2.1
2009,3329,4.2,4.4,4.2,4.2,4.2,4.2,4.2,3.8,3.9,3.7,3.7
2009,3337,2.9,3,2.9,2.9,2.9,2.8,2.8,2.7,2.8,2.7,2.7
2009,3345,4.8,4.8,4.8,4.8,4.8,4.6,4.6,4,4.4,4.4,4.4
2009,3353,3.7,4,3.7,4.2,4.2,4,4,3.7,3.9,3.8,3.8
2009,3361,4.6,4.8,4.6,4.8,4.8,4.7,4.7,4.7,5.1,4.7,4.7
2009,3369,5.6,5.9,5.6,5.8,5.8,5.6,5.6,5.5,6,5.6,5.6
2009,3377,4.1,4.6,4.1,4.4,4.4,4,4,4,4.5,4.2,4.2
2009,3385,5.3,5.4,5.3,5.3,5.3,5.1,5.1,5.5,5.5,5,5
2009,3393,6.3,6.5,6.3,6.2,6.2,5.8,5.8,6.5,6.5,6,6
2009,3401,8.4,8.6,8.4,8.6,8.6,8.7,8.7,8.8,8.7,8.3,8.3
2009,3409,11.2,11.4,11.2,11.3,11.3,11.4,11.4,11.2,11,11,11
2009,3417,11.5,11.7,11.5,11.6,11.6,11.8,11.8,11.9,11.6,12.3,12.3
2009,3425,12.4,11.7,12.4,10.9,10.9,11.3,11.3,10.8,10.2,12.7,12.7
2009,3433,13.7,13.3,13.7,12.9,12.9,13.3,13.3,13.4,12.4,13.9,13.9
2009,3441,15.3,14.9,15.3,14.7,14.7,15.9,15.9,14.9,14.1,15.8,15.8
2009,3449,17.9,16.5,17.9,17.2,17.2,18.5,18.5,17.5,14.9,18.7,18.7
2009,3457,22.3,19,22.3,19.5,19.5,19.9,19.9,19,15.1,21.5,21.5
2009,3465,25.5,21.5,25.5,20.4,20.4,22.9,22.9,21.3,15.4,23.9,23.9
2009,3473,25.4,22.6,25.4,21.4,21.4,23.1,23.1,22.1,17.9,17.4,17.4
2009,3481,22.6,21.8,22.6,22.8,22.8,21.4,21.4,21.9,17.8,16.5,16.5
2009,3489,26.1,25.7,26.1,23.3,23.3,23.4,23.4,26.8,20.7,15.2,15.2
2009,3497,24.6,24.1,24.6,22.4,22.4,22.7,22.7,23.8,21,17.2,17.2
2009,3505,27.6,26.1,27.6,23.7,23.7,23.8,23.8,25.6,22.2,17.2,17.2
2009,3513,27.2,27.1,27.2,24.9,24.9,25.2,25.2,27.3,25.1,21,21
2009,3521,26.4,25.7,26.4,23,23,24.5,24.5,27.5,19.6,16.9,16.9
2009,3529,21.4,19.8,21.4,19.3,19.3,19.8,19.8,19.8,17.8,17.2,17.2
2009,3537,22.7,20.6,22.7,19.9,19.9,20.4,20.4,20.5,17.3,16.5,16.5
2009,3545,19.8,17.8,19.8,17.3,17.3,17.8,17.8,19.3,14.9,14,14
2009,3553,20.6,18.8,20.6,18.5,18.5,19.6,19.6,20.3,16.3,15.6,15.6
2009,3561,16.3,15.4,16.3,15.4,15.4,16.5,16.5,16.6,14.1,13.8,13.8
2009,3569,15.7,14.7,15.7,14.9,14.9,15.3,15.3,16.3,13,14,14
2009,3577,12.5,11.7,12.5,12,12,12,12,13.6,9.2,11.2,11.2
2009,3585,8.3,7.2,8.3,7.6,7.6,8.6,8.6,8.4,6.6,7.6,7.6
2009,3593,5.8,5.4,5.8,5.5,5.5,6.2,6.2,6.3,5.1,5.6,5.6
2009,3601,4.8,4.7,4.8,4.6,4.6,4.8,4.8,5.1,4.7,4.7,4.7
2009,3609,4.2,4.2,4.2,4.1,4.1,4.1,4.1,4.5,4.3,4.2,4.2
2009,3617,4,4.2,4,4,4,3.9,3.9,4.2,4.3,4,4
2009,3625,3,3.1,3,3,3,2.9,2.9,3.1,3.3,3.1,3.1
2009,3633,2.2,2.2,2.2,2.1,2.1,2.1,2.1,2.3,2.4,2.6,2.6
2009,3641,2.3,2.3,2.3,2.3,2.3,2.2,2.2,2.4,2.5,2.7,2.7
2009,3649,3.1,3.6,3.1,3.4,3.4,3,3,3.4,3.9,4.9,4.9
2009,3657,2.5,2.7,2.5,2.6,2.6,2.5,2.5,2.7,3,3.4,3.4
2009,3665,2.6,2.8,2.6,2.7,2.7,2.6,2.6,2.7,2.9,3.3,3.3
2009,3673,1.8,1.9,1.8,1.9,1.9,1.8,1.8,1.8,2,2.4,2.4
2010,3681,3.5,3.6,3.5,3.5,3.5,3.1,3.1,3.6,3.2,2.8,2.8
2010,3689,2.7,2.7,2.7,2.6,2.6,2.4,2.4,2.8,2.6,2.4,2.4
2010,3697,5.3,5.5,5.3,5.4,5.4,4.9,4.9,5.4,4.8,4.3,4.3
2010,3705,3.2,3.2,3.2,3.3,3.3,3.1,3.1,2.9,3.2,2.9,2.9
2010,3713,4.3,4.3,4.3,4.3,4.3,4.2,4.2,4.3,4.3,4.2,4.2
2010,3721,4.3,4.4,4.3,4.3,4.3,4.2,4.2,4.7,4.5,4.3,4.3
2010,3729,4.8,4.9,4.8,4.8,4.8,4.7,4.7,5.3,4.9,4.7,4.7
2010,3737,5.9,6,5.9,5.8,5.8,5.9,5.9,5.7,6.1,5.7,5.7
2010,3745,5,5.2,5,5.2,5.2,4.9,4.9,5,5.5,5.1,5.1
2010,3753,7.5,7.4,7.5,7.3,7.3,6.7,6.7,7.2,7.2,7.3,7.3
2010,3761,8.5,8.6,8.5,8.1,8.1,7.7,7.7,8.3,8.2,8.1,8.1
2010,3769,7.2,7.2,7.2,7.3,7.3,6.6,6.6,7.2,7.3,6.8,6.8
2010,3777,7.9,8,7.9,8,8,8,8,8.2,8,8,8
2010,3785,13.2,12.6,13.2,12.4,12.4,13.1,13.1,13.3,13,14.5,14.5
2010,3793,11.9,11.3,11.9,10.8,10.8,12.4,12.4,11.9,11.4,15,15
2010,3801,12.9,12.4,12.9,12,12,13.1,13.1,12.8,11.2,17.4,17.4
2010,3809,17.1,16.1,17.1,16,16,17.7,17.7,16.9,13.5,14.2,14.2
2010,3817,16.9,16.2,16.9,16.1,16.1,17.2,17.2,16.8,14.2,14.3,14.3
2010,3825,16.3,16.4,16.3,15.7,15.7,15.9,15.9,16.6,15.2,16,16
2010,3833,19.7,19.6,19.7,19.1,19.1,18.2,18.2,19.6,17.5,17.4,17.4
2010,3841,20.5,20,20.5,19.4,19.4,18.4,18.4,20.4,18.2,19,19
2010,3849,24.1,22.2,24.1,22.1,22.1,22,22,22.9,20.4,25.6,25.6
2010,3857,22.7,20,22.7,20.6,20.6,21.3,21.3,20.5,18.4,19.9,19.9
2010,3865,29.5,26.1,29.5,27.7,27.7,27.4,27.4,25.9,23.3,21.2,21.2
2010,3873,28.5,25.3,28.5,26.4,26.4,26.6,26.6,25.5,23.7,19.5,19.5
2010,3881,30.2,25.8,30.2,26.6,26.6,27.7,27.7,27.1,27.9,19.7,19.7
2010,3889,28.9,26.2,28.9,26.7,26.7,30.2,30.2,27.7,25.5,21.9,21.9
2010,3897,24.5,23,24.5,23,23,27.7,27.7,24.6,22,19.5,19.5
2010,3905,22,20.4,22,19.8,19.8,21.2,21.2,20.5,19.6,14.2,14.2
2010,3913,19.1,17.9,19.1,17.2,17.2,18.8,18.8,17.9,17.6,12.3,12.3
2010,3921,16,15.4,16,15.3,15.3,15.7,15.7,15.4,16.4,12.3,12.3
2010,3929,14.3,13.9,14.3,13.6,13.6,13.8,13.8,13.9,13.8,12.3,12.3
2010,3937,14.7,14.3,14.7,14.3,14.3,14.7,14.7,14.6,13.7,13.4,13.4
2010,3945,12.1,11.1,12.1,10.5,10.5,11.9,11.9,11.7,11.2,12.9,12.9
2010,3953,10.5,9.8,10.5,9.9,9.9,10.7,10.7,10.5,10.4,12.7,12.7
2010,3961,7.3,6.8,7.3,6.2,6.2,7.3,7.3,7.3,7,8.8,8.8
2010,3969,7.1,6.2,7.1,6.3,6.3,7.1,7.1,7.1,6.7,9.1,9.1
2010,3977,4.5,4.2,4.5,4.2,4.2,4.5,4.5,4.5,4.7,5.6,5.6
2010,3985,4.5,4.2,4.5,4.2,4.2,4.3,4.3,4.6,5,5.5,5.5
2010,3993,3.5,3.3,3.5,3.2,3.2,3.2,3.2,3.3,3.4,4.3,4.3
2010,4001,2.4,3.4,2.4,3.3,3.3,2.9,2.9,2.7,2.7,2.5,2.5
2010,4009,1.8,2,1.8,2,2,1.8,1.8,1.8,1.8,2.3,2.3
2010,4017,3.2,3.6,3.2,3.5,3.5,3.2,3.2,3.2,3.3,3.8,3.8
2010,4025,1.9,2.4,1.9,2.3,2.3,2,2,2,2,2.4,2.4
2010,4033,3.1,3.9,3.1,3.8,3.8,3.4,3.4,3.1,3.2,3.5,3.5
2010,4041,1.4,1.9,1.4,1.8,1.8,1.6,1.6,1.5,1.6,1.6,1.6
2011,4049,2.5,2.6,2.5,2.5,2.5,2.3,2.3,2.3,2.8,2.5,2.5
2011,4057,2.7,2.8,2.7,2.7,2.7,2.5,2.5,2.6,3.1,2.8,2.8
2011,4065,2.4,2.5,2.4,2.5,2.5,2.4,2.4,2.5,2.7,2.6,2.6
2011,4073,2.7,2.7,2.7,2.7,2.7,2.5,2.5,2.6,2.9,2.7,2.7
2011,4081,3.1,3.3,3.1,3.2,3.2,3,3,3.1,3.4,3.5,3.5
2011,4089,3.5,3.6,3.5,3.5,3.5,3.4,3.4,3.6,3.7,3.8,3.8
2011,4097,3.5,3.7,3.5,3.7,3.7,3.3,3.3,3.5,3.8,3.7,3.7
2011,4105,3.9,4,3.9,3.8,3.8,3.7,3.7,3.8,4,3.9,3.9
2011,4113,5.4,5.5,5.4,5.3,5.3,5.1,5.1,5.2,5.6,5.5,5.5
2011,4121,6.3,6.1,6.3,6.2,6.2,6,6,5.7,6.4,6.1,6.1
2011,4129,7.3,7.6,7.3,7.7,7.7,7.3,7.3,7.6,7.3,7.1,7.1
2011,4137,7.6,8,7.6,8.2,8.2,7.2,7.2,7.6,7.4,7.5,7.5
2011,4145,8.2,8.9,8.2,8.6,8.6,7.6,7.6,8.2,8.1,8.1,8.1
2011,4153,9.2,10.6,9.2,10.6,10.6,10,10,9.4,9.6,9.8,9.8
2011,4161,10.1,10.9,10.1,10.7,10.7,10.8,10.8,10,10.2,10.1,10.1
2011,4169,14,13.8,14,13.5,13.5,14,14,13.2,13.5,13.1,13.1
2011,4177,14.6,14.3,14.6,14.8,14.8,15.3,15.3,13.7,14,14,14
2011,4185,18.4,17.5,18.4,18.4,18.4,18.8,18.8,16.1,17,17.8,17.8
2011,4193,19.2,17.9,19.2,18.6,18.6,18.7,18.7,17.4,17.2,24.8,24.8
2011,4201,22.8,20.9,22.8,21.3,21.3,21.5,21.5,20,19.1,22.7,22.7
2011,4209,20.1,20.5,20.1,20.2,20.2,21.2,21.2,20.4,18.9,21,21
2011,4217,18.3,21.6,18.3,20.4,20.4,22.5,22.5,22.2,19.8,21.7,21.7
2011,4225,18.4,22,18.4,20.1,20.1,17.2,17.2,23.3,22.3,20.4,20.4
2011,4233,22.9,23.1,22.9,20.1,20.1,16,16,23.8,22.2,20.5,20.5
2011,4241,21.8,22.4,21.8,20.4,20.4,19.8,19.8,23,21.7,21,21
2011,4249,23,24.6,23,22.1,22.1,19.1,19.1,25.1,22.6,22,22
2011,4257,26.1,26.6,26.1,24.6,24.6,26.1,26.1,26.7,21.5,23.2,23.2
2011,4265,23.9,23.9,23.9,23.2,23.2,22.9,22.9,23.6,20,22,22
2011,4273,22.9,22,22.9,20.1,20.1,21.1,21.1,21.1,23.6,20.2,20.2
2011,4281,23.3,22.3,23.3,20,20,21.7,21.7,21.6,22.3,18.6,18.6
2011,4289,19.9,18.6,19.9,16.5,16.5,17.9,17.9,17.9,17.8,15.3,15.3
2011,4297,21.3,19.1,21.3,19.2,19.2,18.5,18.5,18.1,16.1,13.6,13.6
2011,4305,11.8,12.7,11.8,13.1,13.1,13.1,13.1,12.4,12.5,11.6,11.6
2011,4313,12.3,12.5,12.3,13.5,13.5,14.3,14.3,13,12.6,11.9,11.9
2011,4321,7.9,7.9,7.9,8.3,8.3,8.9,8.9,8.2,7.8,7.6,7.6
2011,4329,6.5,6.5,6.5,6.7,6.7,7.2,7.2,6.9,6.5,6.7,6.7
2011,4337,6.4,5.9,6.4,6.1,6.1,6.4,6.4,6.1,5.7,6.3,6.3
2011,4345,3.9,3.8,3.9,3.8,3.8,4,4,4,3.8,4.2,4.2
2011,4353,3.4,3.4,3.4,3.3,3.3,3,3,3.5,3.5,3.6,3.6
2011,4361,3.7,3.8,3.7,3.8,3.8,3.6,3.6,4,4,4.1,4.1
2011,4369,2.6,2.6,2.6,2.6,2.6,2.5,2.5,2.8,2.8,2.9,2.9
2011,4377,3,3.1,3,3.1,3.1,2.9,2.9,3.2,3.2,3.3,3.3
2011,4385,2.5,2.6,2.5,2.6,2.6,2.5,2.5,2.7,2.7,2.8,2.8
2011,4393,2.7,2.8,2.7,2.8,2.8,2.7,2.7,2.8,2.8,2.9,2.9
2011,4401,1.7,1.7,1.7,1.7,1.7,1.6,1.6,1.8,1.9,2,2
2011,4409,1.3,1.3,1.3,1.3,1.3,1.3,1.3,1.5,1.5,1.6,1.6
2012,4417,3.6,3.1,3.6,3,3,2.7,2.7,2.7,3,2.6,2.6
2012,4425,4,3.5,4,3.3,3.3,2.8,2.8,2.9,3.3,2.8,2.8
2012,4433,3.2,2.8,3.2,2.7,2.7,2.4,2.4,2.6,2.8,2.5,2.5
2012,4441,3.2,3,3.2,2.8,2.8,2.6,2.6,2.8,3,2.8,2.8
2012,4449,4.1,4.3,4.1,4.2,4.2,4.2,4.2,4.1,4.3,4.2,4.2
2012,4457,3.9,4,3.9,3.9,3.9,4,4,3.8,3.8,3.7,3.7
2012,4465,3.5,3.7,3.5,3.6,3.6,3.5,3.5,3.7,3.8,3.6,3.6
2012,4473,3.6,3.9,3.6,3.9,3.9,3.7,3.7,3.8,4.1,3.8,3.8
2012,4481,4.6,5.1,4.6,5.1,5.1,4.8,4.8,5,5.3,5,5
2012,4489,4.3,4.6,4.3,4.5,4.5,4.6,4.6,4.9,5,4.6,4.6
2012,4497,6.4,6.4,6.4,6.6,6.6,6.7,6.7,6.9,6.7,6.4,6.4
2012,4505,8.4,8.4,8.4,8.5,8.5,8.1,8.1,8.6,8.7,8.3,8.3
2012,4513,9,8.9,9,9.1,9.1,9.2,9.2,9.5,9.1,9.2,9.2
2012,4521,10.6,10.6,10.6,10.5,10.5,10.2,10.2,10.6,10.6,11,11
2012,4529,12.4,12.3,12.4,12.5,12.5,12,12,11.8,11.6,12.8,12.8
2012,4537,12.9,12.8,12.9,13.1,13.1,12.4,12.4,11.9,12.3,14,14
2012,4545,18.2,17,18.2,18.5,18.5,18.8,18.8,16.7,14.3,20.7,20.7
2012,4553,17.6,17.3,17.6,17,17,18.4,18.4,16.8,14.8,16.4,16.4
2012,4561,18.3,17.7,18.3,17.4,17.4,19.4,19.4,17.4,14.8,16.2,16.2
2012,4569,17.5,17.5,17.5,17.3,17.3,17.8,17.8,17.2,15.9,16,16
2012,4577,18.4,19.3,18.4,18.3,18.3,19.4,19.4,18.2,16.3,15.9,15.9
2012,4585,21.6,23.1,21.6,21,21,22.4,22.4,21,22.4,18.6,18.6
2012,4593,21.5,24,21.5,20.5,20.5,21.9,21.9,20.8,25.3,17.7,17.7
2012,4601,28.5,26.2,28.5,25.7,25.7,28.6,28.6,26.6,31.2,21.1,21.1
2012,4609,30.8,27,30.8,27.1,27.1,28.6,28.6,28.2,30.2,24,24
2012,4617,29.3,24.7,29.3,25,25,26,26,26.1,28.8,22.9,22.9
2012,4625,33.4,25.4,33.4,25.7,25.7,25.8,25.8,26.1,30.3,23.1,23.1
2012,4633,27.7,25.1,27.7,26.5,26.5,27.5,27.5,26.7,29,22.8,22.8
2012,4641,24.3,21.5,24.3,23.3,23.3,24.6,24.6,23.4,23.4,19.7,19.7
2012,4649,19.4,18,19.4,19.2,19.2,20.3,20.3,19.1,18.8,15.9,15.9
2012,4657,18.6,17.4,18.6,19.2,19.2,20.6,20.6,19.1,18.1,15.1,15.1
2012,4665,17.2,15.7,17.2,17.7,17.7,18.6,18.6,17,13.4,12.3,12.3
2012,4673,16.8,15.5,16.8,17.2,17.2,17.6,17.6,16.2,12.9,11.1,11.1
2012,4681,12.3,11.4,12.3,12.4,12.4,12.7,12.7,12.6,10.9,9.8,9.8
2012,4689,9.2,8.1,9.2,9.3,9.3,10.1,10.1,10.2,8.4,6.8,6.8
2012,4697,6.6,6.2,6.6,6.1,6.1,7.1,7.1,6.7,6.3,5.5,5.5
2012,4705,5,4.9,5,4.7,4.7,5.3,5.3,5.1,5.1,4.9,4.9
2012,4713,4.1,3.9,4.1,3.8,3.8,4.3,4.3,4,3.8,3.8,3.8
2012,4721,3.6,3.5,3.6,3.5,3.5,3.9,3.9,3.6,3.3,3.4,3.4
2012,4729,3,3.2,3,3.1,3.1,3.2,3.2,3.1,3.2,3.2,3.2
2012,4737,2.5,2.5,2.5,2.5,2.5,2.9,2.9,3,3,2.9,2.9
2012,4745,2.8,2.8,2.8,2.8,2.8,3.1,3.1,3.6,3.8,3.8,3.8
2012,4753,2.2,2.2,2.2,2.1,2.1,2.5,2.5,3.4,3.5,3.5,3.5
2012,4761,1.3,1.4,1.3,1.3,1.3,1.5,1.5,3,3.2,3.3,3.3
2012,4769,1.5,1.6,1.5,1.5,1.5,1.7,1.7,3.3,3.5,3.7,3.7
2012,4777,1.7,1.8,1.7,1.7,1.7,2,2,2.7,2.7,2.9,2.9
2013,4785,2.5,2.6,2.5,2.4,2.4,2.3,2.3,2.2,2.3,2.1,2.1
2013,4793,3.2,3.5,3.2,3.1,3.1,2.8,2.8,3,3.4,3,3
2013,4801,4.1,4.4,4.1,4,4,3.7,3.7,3.6,4.1,3.6,3.6
2013,4809,1.7,1.8,1.7,1.7,1.7,1.7,1.7,1.9,1.9,1.8,1.8
2013,4817,3.1,3.2,3.1,3.1,3.1,3,3,3.3,3.3,3.1,3.1
2013,4825,4.1,4.1,4.1,3.9,3.9,3.7,3.7,4.1,4.3,3.9,3.9
2013,4833,4,4.1,4,4,4,3.8,3.8,4,4.1,4,4
2013,4841,4,4.1,4,4.1,4.1,3.9,3.9,4.1,4.1,4.1,4.1
2013,4849,5.1,5.2,5.1,5.1,5.1,5.2,5.2,5.2,5.3,5.4,5.4
2013,4857,5.4,5.5,5.4,5.5,5.5,5.7,5.7,5.6,5.7,5.8,5.8
2013,4865,7.3,7.3,7.3,7.5,7.5,8.3,8.3,7.8,7.7,7.2,7.2
2013,4873,11,10.9,11,10.8,10.8,11.5,11.5,11.3,10.9,10.3,10.3
2013,4881,9.8,9.8,9.8,9.7,9.7,9.8,9.8,9.9,9.8,9.2,9.2
2013,4889,9.8,9.7,9.8,9.9,9.9,10.6,10.6,10.1,9.8,9.7,9.7
2013,4897,13.4,11.5,13.4,13.5,13.5,14.7,14.7,12.6,13.8,13.1,13.1
2013,4905,17.9,15.3,17.9,17.2,17.2,20.8,20.8,16.5,18.5,18.6,18.6
2013,4913,20.4,17.2,20.4,18.8,18.8,21.2,21.2,18,19.6,19.7,19.7
2013,4921,19,17.9,19,17.7,17.7,19,19,17.7,18.2,17.7,17.7
2013,4929,19.8,18.9,19.8,19,19,20.3,20.3,19.4,20.9,19.9,19.9
2013,4937,24.1,21.7,24.1,22.2,22.2,25.2,25.2,22.6,21.7,23.2,23.2
2013,4945,25.5,22.2,25.5,22.5,22.5,25.6,25.6,23,23.8,23.7,23.7
2013,4953,23.6,20.9,23.6,21.6,21.6,22.9,22.9,21.3,22.9,22.1,22.1
2013,4961,33.1,27.8,33.1,28.6,28.6,29.9,29.9,28,33.7,28.9,28.9
2013,4969,28.7,26.9,28.7,27.3,27.3,29.2,29.2,30.3,34,26.3,26.3
2013,4977,28.4,27,28.4,28,28,31.2,31.2,30.9,34.8,24.7,24.7
2013,4985,28.2,25.8,28.2,27.7,27.7,31.3,31.3,30.2,28.2,22.6,22.6
2013,4993,27.8,23.6,27.8,25.9,25.9,25.1,25.1,27.5,23.2,20.7,20.7
2013,5001,29.6,23.2,29.6,23.5,23.5,24.6,24.6,26.1,23.2,19.3,19.3
2013,5009,22.1,18.8,22.1,17.2,17.2,18.7,18.7,20.8,19.1,15.6,15.6
2013,5017,21.5,19.4,21.5,17.3,17.3,17.6,17.6,19.8,21.1,15.1,15.1
2013,5025,19.3,18.7,19.3,17.7,17.7,17.9,17.9,19.3,18.8,16.6,16.6
2013,5033,16.3,16.6,16.3,15.7,15.7,16.6,16.6,17.3,15.5,14.1,14.1
2013,5041,13,12.5,13,12.5,12.5,13.4,13.4,13.2,12,11.9,11.9
2013,5049,8.9,8,8.9,8.6,8.6,9.1,9.1,8.8,8.2,8.5,8.5
2013,5057,8.5,7.4,8.5,8.1,8.1,8.5,8.5,8.6,8.1,7.9,7.9
2013,5065,7.5,6.8,7.5,7.4,7.4,7.6,7.6,7.9,10.7,7.2,7.2
2013,5073,6.7,6.3,6.7,6.8,6.8,7.3,7.3,6.9,8.5,6.3,6.3
2013,5081,4.6,4.7,4.6,4.7,4.7,5.4,5.4,5.4,5.8,5,5
2013,5089,3.2,3.3,3.2,3.2,3.2,3.6,3.6,3.6,4.1,3.6,3.6
2013,5097,3.3,3.4,3.3,3.2,3.2,3.6,3.6,3.7,4.2,3.6,3.6
2013,5105,3,3.5,3,3,3,3,3,3.2,3.2,3.1,3.1
2013,5113,3.7,4.1,3.7,3.6,3.6,3.7,3.7,3.8,3.8,3.7,3.7
2013,5121,2.6,3.3,2.6,2.6,2.6,2.2,2.2,2.4,2.7,2.2,2.2
2013,5129,2,2.1,2,2,2,2.3,2.3,2.3,2.1,2.2,2.2
2013,5137,2.5,2.8,2.5,2.4,2.4,2.6,2.6,2.6,2.6,2.6,2.6
2013,5145,1.1,1.1,1.1,1.1,1.1,1.3,1.3,1.4,1.2,1.4,1.4
2014,5153,2.9,4.2,2.9,3.4,3.4,2.9,2.9,4,4,3.9,3.9
2014,5161,2.4,2.9,2.4,2.5,2.5,2.3,2.3,3,3.1,2.9,2.9
2014,5169,4.1,6.1,4.1,5,5,4.2,4.2,5.7,5.8,5.6,5.6
2014,5177,3.1,3.4,3.1,3,3,2.7,2.7,3,3.5,3.4,3.4
2014,5185,3.4,3.5,3.4,3.3,3.3,3.3,3.3,3.6,3.6,3.5,3.5
2014,5193,3.9,4.1,3.9,3.9,3.9,3.9,3.9,3.9,4.1,4,4
2014,5201,4.3,4.6,4.3,4.2,4.2,4.4,4.4,4.3,4.4,4.4,4.4
2014,5209,5.4,5.9,5.4,5.3,5.3,5.7,5.7,5.6,5.6,5.5,5.5
2014,5217,5.8,6.4,5.8,5.9,5.9,5.9,5.9,5.9,6,6.1,6.1
2014,5225,7.2,7.5,7.2,7.3,7.3,7.4,7.4,7,7.1,7.3,7.3
2014,5233,7.9,8.1,7.9,8,8,8.5,8.5,7.5,7.6,7.8,7.8
2014,5241,10.9,11.1,10.9,10.8,10.8,11.3,11.3,10.7,10.9,11.4,11.4
2014,5249,13.5,12.8,13.5,13.1,13.1,13.8,13.8,12.1,12.6,13.8,13.8
2014,5257,13.9,13.8,13.9,13.7,13.7,13.9,13.9,12.6,13.7,15.9,15.9
2014,5265,18,16.3,18,16.9,16.9,17.5,17.5,15.7,16.6,22.1,22.1
2014,5273,21.2,19.9,21.2,20.2,20.2,19.2,19.2,18.9,22.1,27.9,27.9
2014,5281,22.2,20.5,22.2,21,21,21.2,21.2,19.9,23.3,23.2,23.2
2014,5289,25.8,22.9,25.8,23.9,23.9,27.5,27.5,24.5,27.2,22.9,22.9
2014,5297,23.7,21.6,23.7,22.1,22.1,25,25,23.2,26,20.6,20.6
2014,5305,26.8,23.2,26.8,24.8,24.8,26.7,26.7,24.3,28.3,21.5,21.5
2014,5313,27.5,23.9,27.5,25.7,25.7,25.6,25.6,24.8,28.6,22.3,22.3
2014,5321,29.9,26.9,29.9,26.6,26.6,26.5,26.5,25.6,26.4,20.9,20.9
2014,5329,33.6,31.6,33.6,27.6,27.6,28.6,28.6,28.1,28.5,20.1,20.1
2014,5337,27.7,23.8,27.7,24.1,24.1,25.1,25.1,24.8,26.2,20.1,20.1
2014,5345,29.5,25.5,29.5,27.2,27.2,30.8,30.8,28.7,34.7,18.6,18.6
2014,5353,24,22.8,24,23,23,26.2,26.2,23.2,30.7,16.9,16.9
2014,5361,21.5,20.4,21.5,20.1,20.1,22.2,22.2,20.8,27.5,16.9,16.9
2014,5369,21.9,19.9,21.9,20.2,20.2,22.6,22.6,20.6,28.5,15.3,15.3
2014,5377,17.2,16.1,17.2,16.2,16.2,17.5,17.5,17.7,21.7,13.7,13.7
2014,5385,18.9,16.6,18.9,17.5,17.5,18.3,18.3,19.3,23.3,11.2,11.2
2014,5393,15.1,13.9,15.1,14.3,14.3,15,15,15.6,19.5,10.6,10.6
2014,5401,11.4,11.3,11.4,11,11,12.1,12.1,12.1,12.2,11.4,11.4
2014,5409,9.5,9.4,9.5,9.7,9.7,10.6,10.6,8.6,8.8,9.8,9.8
2014,5417,6.5,6.5,6.5,6.6,6.6,7,7,6.4,6.6,6.7,6.7
2014,5425,6.7,6.7,6.7,6.8,6.8,7.2,7.2,6.8,6.9,6.8,6.8
2014,5433,4.8,4.8,4.8,5,5,5.4,5.4,5.3,5.1,5.5,5.5
2014,5441,3.9,4,3.9,4.1,4.1,4.5,4.5,4.4,4.3,4.9,4.9
2014,5449,3.3,3.4,3.3,3.3,3.3,3.3,3.3,3.5,3.5,3.9,3.9
2014,5457,3.1,3.1,3.1,3.1,3.1,3.1,3.1,3.2,3.3,3.2,3.2
2014,5465,2.4,2.5,2.4,2.4,2.4,2.3,2.3,2.5,2.6,2.4,2.4
2014,5473,3.1,3.1,3.1,3.1,3.1,3.3,3.3,3.3,3.4,3.3,3.3