Year,julian day,C1,C2,C3,B1,B2,B3,B4,E1,E2,E3,E4
2000,49,0.4058678321678315,0.38297972027971955,0.4146720279720272,0.29379720279718313,0.3766790209790201,0.39779510489510406,0.3599349650349642,0.4931286713286708,0.5063440559440555,0.4039111888111882,0.4247909090909084
2000,65,0.5134525874125861,0.49907916083915954,0.5199142657342645,0.5186748251748479,0.5057570629370614,0.5209507692307677,0.49317580419580265,0.5426496503496496,0.5546139860139854,0.49057174825174715,0.5228599999999988
2000,81,0.6048597202797208,0.5984492307692313,0.60940125874125906,0.66827062937063475,0.6151201864801872,0.625250023310024,0.6063334265734271,0.5870235431235433,0.5978400932400934,0.5661737995337996,0.6074351515151521
2000,97,0.6800892307692307,0.6810899300699299,0.6831330069930068,0.7568041958041962,0.7047683916083914,0.7106928671328671,0.699407832167832,0.6262503496503495,0.6360223776223778,0.6307173426573425,0.6785163636363636
2000,113,0.7391411188811188,0.7470012587412586,0.7411095104895103,0.7984951048951049,0.7747016783216781,0.7772793006993004,0.7723990209790209,0.6603300699300698,0.6691608391608389,0.6842023776223773,0.7361036363636363
2000,129,0.7820153846153846,0.7961832167832168,0.7833307692307692,0.8075629370629371,0.8249200466200467,0.8250093240093239,0.8253069930069931,0.6892627039627038,0.6972554778554779,0.7266289044289044,0.7801969696969696
2000,145,0.7577853146853146,0.7715072261072261,0.7562864801864801,0.7825724941724941,0.7947624708624708,0.7900428904428902,0.8046967365967366,0.6988356643356642,0.7053601398601398,0.744151515151515,0.7890918414918415
2000,161,0.7767687645687644,0.8074694638694636,0.7752974358974357,0.8155620046620046,0.8211874125874127,0.8249715617715617,0.8373573426573426,0.7277202797202799,0.7356386946386946,0.7670249417249418,0.8174668997668998
2000,177,0.796523543123543,0.8254857808857811,0.7960930069930069,0.824179254079254,0.8317498834498837,0.834679020979021,0.8448988344988344,0.7468018648018647,0.7519314685314684,0.7765808857808857,0.8276538461538461
2000,193,0.797846853146853,0.831613986013986,0.8016848484848484,0.8258142191142192,0.8328016317016316,0.8323074592074592,0.842051515151515,0.7547251748251749,0.7616939393939393,0.7819205128205127,0.8211121212121211
2000,209,0.7924869463869464,0.8258825174825175,0.799104662004662,0.8177990675990675,0.8283554778554777,0.8320188811188811,0.8361710955710958,0.7512156177156175,0.7645172494172493,0.7908016317016318,0.8099149184149184
2000,225,0.7797895104895106,0.8133277389277388,0.7881641025641026,0.8111771561771562,0.8219902097902096,0.8277468531468534,0.8321433566433567,0.7372291375291374,0.73767668997669,0.7711881118881119,0.7986137529137527
2000,241,0.7710086247086245,0.799541724941725,0.7748820512820512,0.7962519813519814,0.8098909090909091,0.8181638694638694,0.8264799533799534,0.7252167832167832,0.7160354312354312,0.748620979020979,0.7887771561771562
2000,257,0.7570545454545453,0.7801421911421911,0.7615960372960372,0.7849946386946387,0.7919011655011654,0.8104624708624708,0.810534731934732,0.7149342657342658,0.6967610722610723,0.7290552447552447,0.7599135198135198
2000,273,0.80424662004662,0.823469696969697,0.8130452214452214,0.8299018648018648,0.8405319347319348,0.8656312354312354,0.8469853146853147,0.7577580419580421,0.7378170163170163,0.7755310023310024,0.8022020979020978
2000,289,0.7279121212121212,0.7437344988344988,0.7354128205128204,0.7529426573426574,0.7645018648018649,0.7905340326340328,0.7667659673659674,0.6873713286713287,0.6746135198135199,0.6974692307692306,0.7202268065268065
2000,305,0.6664764568764568,0.6797032634032634,0.6815181818181817,0.6864377622377622,0.6964384615384615,0.7263321678321677,0.6900881118881118,0.6369778554778555,0.6191902097902098,0.6493445221445221,0.6729657342657341
2000,321,0.6281447552447552,0.6435741258741258,0.6473454545454544,0.6485030303030302,0.6560417249417249,0.6882806526806526,0.6460186480186481,0.607020979020979,0.5838622377622376,0.6298752913752913,0.6374622377622378
2000,337,0.6073648018648018,0.6232965034965035,0.6277072261072261,0.626274592074592,0.6324599067599067,0.6602853146853146,0.62036993006993,0.581981351981352,0.5624198135198135,0.6135846153846153,0.6052727272727272
2000,353,0.5997662004662003,0.617084615384615,0.6203363636363635,0.6116379953379952,0.62622424242424235,0.6556946386946386,0.6147848484848484,0.5718263403263403,0.5623529137529137,0.6110575757575757,0.5949592074592074
2001,1,0.6039671328671329,0.6206550116550117,0.6227011655011655,0.6098519813519813,0.6356384615384616,0.6667109557109556,0.6297808857808858,0.5681545454545455,0.5690839160839162,0.602820745920746,0.5976072261072262
2001,17,0.6222839160839161,0.6371578088578088,0.6388578088578087,0.6299641025641025,0.6642202797202797,0.6808862470862471,0.6522727272727272,0.5749396270396269,0.5718153846153846,0.5883156177156177,0.6275505827505828
2001,33,0.6474265734265733,0.6568634032634032,0.6552039627039626,0.650009557109557,0.689034731934732,0.6951163170163169,0.6800941724941726,0.5960321678321677,0.599562937062937,0.5989934731934731,0.6427037296037296
2001,49,0.6904372960372959,0.6988764568764567,0.6961717948717948,0.7067130536130536,0.7393981351981351,0.7473750582750583,0.7236797202797203,0.6192762237762237,0.6319172494172494,0.6190538461538463,0.6477006993006993
2001,65,0.7610794871794873,0.7697675990675991,0.7599456876456877,0.7816981351981352,0.8212354312354311,0.8248412587412588,0.80158648018648,0.6650379953379953,0.6904629370629372,0.673834498834499,0.6976645687645687
2001,81,0.7051062937062936,0.714995337995338,0.6953638694638695,0.7417454545454546,0.7765461538461539,0.7689090909090908,0.7373508158508157,0.5929191142191141,0.6153692307692307,0.6056463869463868,0.6376412587412589
2001,97,0.6920871794871793,0.7022773892773893,0.6852447552447553,0.7237114219114218,0.7462771561771562,0.7513848484848485,0.7436200466200465,0.6056386946386946,0.6243531468531469,0.6284573426573427,0.6465284382284382
2001,113,0.6998440559440559,0.7097752913752915,0.6899857808857808,0.7287545454545453,0.7417571095571096,0.7515958041958041,0.7740995337995339,0.6299370629370629,0.6456037296037296,0.6679738927738927,0.6612906759906759
2001,129,0.7075771561771561,0.7207566433566434,0.6982983682983683,0.7367470862470862,0.7407981351981352,0.7556170163170164,0.7973244755244753,0.6583988344988344,0.6748062937062937,0.700130536130536,0.685704895104895
2001,145,0.720348717948718,0.7279752913752913,0.7118545454545455,0.7385317016317016,0.7459641025641025,0.7678643356643355,0.8221055944055945,0.6884020979020979,0.704981585081585,0.7423655011655009,0.7276230769230768
2001,161,0.7426696969696969,0.747890909090909,0.7378981351981352,0.7523032634032634,0.7610939393939393,0.7854111888111889,0.8411918414918415,0.7319944055944055,0.7443221445221446,0.7575547785547786,0.7524055944055943
2001,177,0.7645223776223775,0.7658223776223776,0.7642780885780885,0.7728750582750582,0.7843317016317017,0.7976081585081586,0.8445433566433569,0.7675976689976689,0.7751510489510489,0.7659344988344989,0.7885529137529138
2001,193,0.7744650349650349,0.7738848484848484,0.7765662004662004,0.7827762237762237,0.7952249417249415,0.8025522144522144,0.8456860139860141,0.783858041958042,0.7899284382284384,0.7663226107226108,0.7888927738927739
2001,209,0.7896107226107226,0.7858060606060606,0.7881617715617715,0.8031613053613053,0.8123095571095571,0.8229055944055943,0.8464983682983682,0.7826167832167834,0.7865634032634033,0.7591657342657344,0.7909349650349651
2001,225,0.8330435897435898,0.8287013986013986,0.8328829836829839,0.8727123543123542,0.8852125874125876,0.8392041958041957,0.849190909090909,0.7720249417249417,0.7761351981351983,0.758539627039627,0.7982158508158508
2001,241,0.7865801864801865,0.7912664335664336,0.7840804195804196,0.827446153846154,0.8323247086247085,0.8442592074592074,0.829630536130536,0.7392414918414918,0.7333207459207459,0.7262748251748251,0.7755428904428905
2001,257,0.7342172494172493,0.7394787878787878,0.7348834498834498,0.7549144522144521,0.7617088578088578,0.8289729603729604,0.8214671328671329,0.727479020979021,0.7282631701631701,0.7152130536130535,0.7535878787878789
2001,273,0.6955755244755244,0.69876317016317,0.7012440559440558,0.7194296037296036,0.7213293706293705,0.8253853146853147,0.8140002331002332,0.7072554778554778,0.7069592074592074,0.7027249417249417,0.7324890442890443
2001,289,0.6763771561771562,0.6939307692307691,0.6965223776223778,0.7121741258741259,0.713888811188811,0.8401997668997666,0.8272582750582749,0.7107158508158508,0.7151293706293708,0.7193932400932401,0.7149456876456877
2001,305,0.7028389277389276,0.7279048951048952,0.7314265734265735,0.7297261072261072,0.7421256410256409,0.8749664335664338,0.8530452214452214,0.7415475524475525,0.7492433566433567,0.7706596736596736,0.7401641025641026
2001,321,0.6288839160839161,0.6607473193473193,0.6622272727272727,0.6581773892773893,0.6713876456876456,0.7993571095571095,0.7694013986013986,0.6744587412587413,0.6803247086247086,0.6920990675990677,0.6378039627039627
2001,337,0.5749172494172493,0.6076881118881118,0.6081310023310023,0.6131202797202796,0.6223372960372959,0.7289885780885781,0.7004391608391609,0.6133181818181818,0.619118414918415,0.6272666666666665,0.5644307692307693
2001,353,0.547248951048951,0.5842843822843823,0.5802731934731934,0.584953613053613,0.5989111888111888,0.6762988344988344,0.6523937062937062,0.564018648018648,0.5728545454545454,0.579409557109557,0.5284822843822844
2002,1,0.5578694638694638,0.5949575757575756,0.5825599067599067,0.6031498834498834,0.6181648018648017,0.6525641025641026,0.629053613053613,0.5403293706293706,0.5508480186480187,0.5605170163170162,0.5210990675990675
2002,17,0.6156867132867134,0.6116881118881118,0.5943342657342657,0.673106993006993,0.691290909090909,0.6389778554778555,0.6101086247086247,0.5200137529137528,0.540302564102564,0.5502545454545454,0.529118881118881
2002,33,0.5518519813519812,0.5959561771561771,0.5672864801864802,0.5881480186480186,0.6044785547785547,0.6296268065268065,0.6169181818181818,0.5099927738927739,0.5233179487179487,0.5310797202797202,0.5276151515151514
2002,49,0.5368941724941725,0.6097149184149183,0.5909333333333331,0.57499324009324,0.5959787878787879,0.6381160839160838,0.6333951048951048,0.5233501165501164,0.5266648018648018,0.531530303030303,0.5579622377622377
2002,65,0.5508522144522146,0.6428256410256409,0.6291114219114219,0.6047902097902097,0.6220895104895104,0.6783286713286714,0.6833799533799533,0.549958041958042,0.5463452214452215,0.5707293706293706,0.6033177156177155
2002,81,0.6025111888111888,0.7182221445221445,0.7040703962703964,0.6663214452214452,0.6862659673659673,0.7505645687645687,0.7705594405594407,0.6097841491841491,0.6088344988344988,0.6440589743589743,0.678174358974359
2002,97,0.6612552447552448,0.7764438228438227,0.7630498834498836,0.717277156177156,0.7383512820512821,0.798848717948718,0.8211930069930071,0.670546386946387,0.661234965034965,0.7248920745920745,0.7514174825174825
2002,113,0.6212615384615384,0.7287913752913752,0.7151930069930068,0.6850083916083916,0.6961494172494171,0.7510293706293706,0.7844736596736596,0.636058275058275,0.6163827505827507,0.6955533799533797,0.7098405594405595
2002,129,0.6439706293706293,0.7301006993006992,0.7181340326340326,0.7099650349650348,0.7117179487179487,0.7568447552447551,0.7911293706293705,0.6518249417249418,0.6297149184149183,0.7135958041958042,0.7248207459207459
2002,145,0.6871379953379952,0.7443272727272728,0.7342459207459208,0.7474317016317016,0.7522270396270396,0.7824219114219113,0.8081634032634032,0.6793272727272727,0.6540307692307692,0.7393300699300699,0.7577983682983682
2002,161,0.740681351981352,0.7604575757575757,0.747921212121212,0.7978314685314684,0.8017118881118881,0.8104160839160839,0.8240039627039625,0.710381585081585,0.6854815850815851,0.7528706293706293,0.7707456876456876
2002,177,0.7881349650349649,0.759183682983683,0.7466958041958041,0.8393116550116548,0.8441498834498834,0.8283438228438228,0.8258328671328671,0.7238797202797204,0.7113916083916084,0.7570778554778556,0.7805664335664336
2002,193,0.7691976689976691,0.7788568764568763,0.7695853146853147,0.8187976689976689,0.8247757575757576,0.8300438228438228,0.839295804195804,0.7358799533799534,0.7203463869463869,0.7498785547785547,0.7861708624708624
2002,209,0.762518648018648,0.776362237762238,0.7705613053613054,0.8162634032634033,0.8235431235431236,0.8334461538461541,0.8332442890442892,0.735060606060606,0.7245561771561772,0.7273871794871795,0.7776776223776224
2002,225,0.7585820512820513,0.7771156177156178,0.765121212121212,0.8140410256410255,0.8269610722610722,0.8322920745920744,0.8346997668997669,0.719134731934732,0.7177347319347319,0.7403927738927738,0.7721074592074592
2002,241,0.7483025641025641,0.7704333333333333,0.7562114219114219,0.8008727272727273,0.8162491841491841,0.8274801864801864,0.8255172494172495,0.6995603729603729,0.7094554778554778,0.714348951048951,0.7478463869463868
2002,257,0.7485496503496503,0.7694692307692309,0.7526025641025641,0.8006468531468531,0.8105340326340326,0.8205321678321678,0.8216440559440562,0.7020764568764567,0.7073051282051283,0.6955713286713285,0.7319596736596737
2002,273,0.7332857808857809,0.7537657342657341,0.7359270396270396,0.7830526806526804,0.7915065268065269,0.8001018648018646,0.8049442890442889,0.6818303030303028,0.6961006993006993,0.6536596736596736,0.6996524475524475
2002,289,0.720984149184149,0.740844522144522,0.7259125874125874,0.7688484848484847,0.7764519813519815,0.7914268065268064,0.7895899766899768,0.6671484848484848,0.6770247086247085,0.6263023310023311,0.6829167832167832
2002,305,0.7260566433566432,0.7390216783216782,0.7209307692307692,0.7700848484848484,0.7864708624708624,0.7899566433566433,0.7838969696969698,0.674186013986014,0.6756741258741258,0.6278508158508158,0.6973664335664336
2002,321,0.7155102564102563,0.7156473193473192,0.7094736596736595,0.7556505827505827,0.7698074592074592,0.768495337995338,0.7659118881118883,0.6670195804195804,0.6604254079254078,0.5993170163170163,0.68072331002331
2002,337,0.712141958041958,0.6987249417249416,0.7053729603729603,0.7543454545454545,0.761211421911422,0.7648953379953379,0.7563265734265734,0.6632689976689976,0.6627358974358974,0.6090331002331002,0.6900393939393938
2002,353,0.7043284382284382,0.6889086247086247,0.7032853146853146,0.7581710955710954,0.7615717948717949,0.7637284382284383,0.7571347319347318,0.6616519813519813,0.661014452214452,0.6275773892773893,0.716577156177156
2003,1,0.7106734265734265,0.681497902097902,0.6979881118881118,0.7475009324009324,0.7502088578088576,0.7622144522144524,0.7615503496503495,0.6628755244755246,0.6638871794871793,0.6294326340326339,0.7074107226107226
2003,17,0.7108892773892773,0.6997333333333332,0.7130048951048951,0.7676848484848486,0.7489680652680654,0.7641981351981353,0.7543312354312354,0.6604832167832168,0.6621044289044288,0.6632526806526805,0.6992447552447552
2003,33,0.7068503496503495,0.7095508158508158,0.723567599067599,0.7498463869463868,0.749862937062937,0.7803237762237762,0.746888578088578,0.6519079254079253,0.6536275058275058,0.654232634032634,0.689558508158508
2003,49,0.7109934731934733,0.7276526806526806,0.7381568764568764,0.7450137529137529,0.755600233100233,0.7918461538461538,0.7499648018648019,0.6569745920745921,0.660006993006993,0.6530517482517482,0.6819692307692309
2003,65,0.6994086247086245,0.7287296037296037,0.7321219114219113,0.7223032634032635,0.7489519813519813,0.7903421911421913,0.7432004662004661,0.6331902097902097,0.6459312354312353,0.6383899766899767,0.6573801864801864
2003,81,0.6982918414918414,0.7409407925407926,0.7383969696969697,0.7191193473193473,0.7601780885780886,0.804474592074592,0.7548275058275057,0.6359011655011655,0.6396151515151515,0.6454965034965034,0.6689298368298369
2003,97,0.709702564102564,0.7518358974358974,0.7424766899766899,0.7245722610722609,0.7794855477855477,0.8075720279720279,0.7628011655011655,0.6534792540792541,0.6500060606060606,0.6600251748251748,0.6883307692307692
2003,113,0.7070834498834498,0.7458613053613053,0.7423414918414918,0.7220762237762236,0.7741137529137528,0.7962878787878787,0.7664627039627039,0.6584610722610721,0.6516841491841491,0.6580904428904428,0.6939377622377623
2003,129,0.7166461538461538,0.7513142191142191,0.7446703962703962,0.7424729603729604,0.7850655011655012,0.8033615384615383,0.7856249417249417,0.6720314685314684,0.6733158508158508,0.6898613053613053,0.7289421911421912
2003,145,0.7241608391608392,0.7584344988344989,0.7457286713286714,0.7660083916083915,0.7973710955710956,0.8077813519813519,0.8133937062937061,0.6860668997668997,0.695472027972028,0.7217107226107226,0.7619184149184148
2003,161,0.7465177156177156,0.7738685314685314,0.7483785547785546,0.7851354312354312,0.801781351981352,0.8095456876456877,0.8348986013986014,0.7056167832167832,0.7180603729603728,0.7348055944055946,0.7726149184149185
2003,177,0.7547916083916084,0.7992074592074592,0.767720979020979,0.822365268065268,0.8141412587412585,0.8230983682983682,0.8427296037296037,0.7201925407925409,0.7302797202797203,0.7427384615384616,0.7732184149184148
2003,193,0.7557344988344987,0.7980993006993006,0.7666365967365966,0.8077389277389277,0.8204296037296035,0.8313531468531468,0.8512076923076922,0.7201452214452214,0.7327659673659673,0.7439762237762236,0.7776582750582749
2003,209,0.7553123543123543,0.7938878787878786,0.762244055944056,0.8024962703962703,0.8148503496503497,0.8297496503496502,0.8534013986013983,0.7194449883449884,0.73653006993007,0.7243778554778554,0.7715442890442892
2003,225,0.7543018648018648,0.78416993006993,0.7561452214452214,0.8016543123543123,0.8109904428904429,0.8271242424242425,0.8435983682983684,0.7118526806526806,0.7267466200466199,0.6960300699300699,0.7585930069930069
2003,241,0.7463624708624708,0.7642377622377623,0.7475235431235431,0.8023918414918415,0.8155843822843823,0.8290848484848484,0.825311888111888,0.7072617715617715,0.7147687645687646,0.6742205128205128,0.748518881118881
2003,257,0.7531638694638695,0.758539160839161,0.7482885780885781,0.7944382284382282,0.8036107226107226,0.8192615384615383,0.813320979020979,0.7027195804195803,0.7113125874125873,0.6646883449883451,0.7544447552447552
2003,273,0.7560687645687645,0.7603759906759907,0.7558342657342657,0.7816200466200466,0.7966759906759907,0.8166473193473193,0.8063972027972028,0.7061356643356642,0.7294130536130535,0.7039158508158507,0.77838648018648
2003,289,0.7477319347319348,0.7549659673659672,0.7527296037296037,0.8259403263403263,0.8301792540792541,0.8448498834498837,0.8404606060606062,0.6962731934731934,0.7029734265734265,0.667239393939394,0.75160675990676
2003,305,0.806043822843823,0.8180165501165502,0.8192207459207459,0.8340470862470862,0.856772494172494,0.8682983682983684,0.8642668997668997,0.7316146853146853,0.728514219114219,0.6946431235431236,0.7334794871794873
2003,321,0.7534710955710955,0.7744571095571094,0.7706510489510489,0.7236393939393938,0.7573864801864801,0.7628575757575757,0.7670962703962705,0.6995200466200466,0.6839582750582751,0.6558244755244755,0.6562724941724941
2003,337,0.7072783216783218,0.7365967365967365,0.7298503496503497,0.6365743589743589,0.6786827505827505,0.6811895104895104,0.691127972027972,0.6700983682983683,0.6460519813519814,0.6265934731934732,0.5871405594405594
2003,353,0.6625081585081585,0.694306993006993,0.6854139860139861,0.5753641025641025,0.6197361305361305,0.6210142191142191,0.6294533799533799,0.6384948717948717,0.6193335664335664,0.5913536130536129,0.5286578088578087
2004,1,0.6387414918414919,0.6732272727272727,0.6628990675990676,0.5274032634032633,0.5799454545454544,0.5809505827505826,0.5974764568764567,0.6249480186480186,0.593509557109557,0.5523011655011655,0.5015344988344987
2004,17,0.6239062937062936,0.6521722610722611,0.6436249417249417,0.5124191142191141,0.5660892773892773,0.5622659673659672,0.5709897435897434,0.6111079254079254,0.5786284382284382,0.5243682983682982,0.4891060606060605
2004,33,0.6148335664335663,0.6378939393939393,0.6299317016317016,0.5269650349650349,0.5820624708624709,0.5818848484848484,0.5756314685314685,0.6006417249417249,0.5733785547785547,0.537965268065268,0.5189948717948718
2004,49,0.6275442890442889,0.6452419580419578,0.6336582750582751,0.5643764568764568,0.6107951048951048,0.6172624708624708,0.6197065268065266,0.5992428904428904,0.5875881118881118,0.5612016317016317,0.5738065268065267
2004,65,0.6481762237762236,0.66523986013986,0.6542039627039626,0.631119114219114,0.6741496503496505,0.684078787878788,0.6872123543123543,0.6105153846153845,0.6173834498834498,0.5994606060606059,0.6362641025641025
2004,81,0.6813680652680653,0.6924694638694638,0.6859878787878786,0.7464212121212122,0.7747072261072261,0.7781706293706294,0.7899841491841492,0.6255624708624709,0.6160874125874125,0.5691899766899766,0.6538083916083915
2004,97,0.7483724941724942,0.7555258741258741,0.7543268065268065,0.7823214452214451,0.8204916083916083,0.8250461538461538,0.8392491841491841,0.6686261072261072,0.6620251748251749,0.6227613053613054,0.6952284382284383
2004,113,0.7103158508158507,0.7093475524475523,0.7129603729603728,0.738572261072261,0.769051282051282,0.7710331002331,0.7889517482517484,0.6408776223776224,0.6480594405594405,0.608004428904429,0.683806993006993
2004,129,0.7221011655011653,0.7218319347319346,0.724190675990676,0.7584365967365968,0.7792731934731933,0.7818717948717948,0.7990431235431237,0.6493573426573427,0.6686960372960373,0.6303030303030303,0.7117086247086247
2004,145,0.731086247086247,0.7379615384615383,0.732713986013986,0.7790272727272728,0.7929354312354312,0.7957976689976689,0.8050965034965034,0.6619594405594407,0.6882843822843822,0.6350391608391608,0.722057808857809
2004,161,0.7478715617715618,0.7605447552447552,0.751560372960373,0.781711421911422,0.8003417249417247,0.8021925407925407,0.8144167832167833,0.6833041958041958,0.7025307692307693,0.6622135198135198,0.751604662004662
2004,177,0.76310675990676,0.7831251748251747,0.7689972027972026,0.8042571095571096,0.8128491841491842,0.8101468531468531,0.8202023310023309,0.6958895104895104,0.7223806526806525,0.6884041958041958,0.7805223776223777
2004,193,0.7635659673659673,0.7859468531468531,0.7723571095571095,0.7990454545454547,0.8104240093240093,0.8151205128205128,0.8228167832167832,0.7073447552447552,0.733295104895105,0.713797668997669,0.789748717948718
2004,209,0.7582207459207458,0.7804503496503499,0.7663342657342657,0.7886135198135197,0.8062703962703962,0.8118822843822844,0.8216417249417249,0.7079494172494173,0.7306650349650349,0.71957668997669,0.7872452214452215
2004,225,0.7548191142191142,0.7730983682983685,0.7605575757575757,0.7715102564102564,0.810060606060606,0.8150878787878788,0.8357564102564101,0.7054655011655011,0.7268233100233098,0.7149125874125875,0.7755762237762237
2004,241,0.7440324009324009,0.7614501165501164,0.7554505827505827,0.7532708624708625,0.7874107226107225,0.7961275058275059,0.7978100233100234,0.7045027972027972,0.7139251748251748,0.7096638694638696,0.7711496503496502
2004,257,0.7383153846153846,0.7579226107226106,0.7542135198135198,0.7425414918414919,0.7662158508158506,0.7783801864801866,0.7801666666666666,0.6901913752913752,0.6997710955710955,0.7178202797202797,0.7475552447552447
2004,273,0.7321258741258742,0.7419524475524474,0.745841958041958,0.7315599067599067,0.7443713286713287,0.7593179487179488,0.757613986013986,0.6749505827505827,0.6876461538461539,0.690727972027972,0.716125641025641
2004,289,0.7326053613053612,0.7425449883449884,0.7422853146853147,0.7370620046620047,0.7395137529137529,0.7629438228438228,0.7628825174825175,0.6804829836829835,0.6835561771561771,0.6737689976689976,0.6777694638694638
2004,305,0.7209237762237761,0.7289079254079254,0.7347634032634031,0.730009324009324,0.731479254079254,0.7606797202797203,0.7432965034965034,0.675237296037296,0.6749923076923077,0.6749750582750584,0.6601226107226106
2004,321,0.7113736596736597,0.7333717948717948,0.7360589743589744,0.7306755244755244,0.7388778554778554,0.7624020979020979,0.7346575757575758,0.674965268065268,0.676576456876457,0.6825172494172493,0.6512855477855477
2004,337,0.7141009324009324,0.7404466200466199,0.744944055944056,0.7446706293706293,0.7509282051282051,0.7704027972027971,0.742534731934732,0.6782410256410256,0.6888892773892773,0.698816317016317,0.6653627039627039
2004,353,0.7050454545454544,0.7278585081585083,0.739074592074592,0.7370927738927737,0.7553566433566435,0.7728860139860141,0.7545587412587412,0.6800843822843823,0.6944097902097902,0.706434731934732,0.67296713286713294
2005,1,0.6931999999999999,0.7139869463869464,0.7266638694638695,0.7332890442890442,0.7651193473193474,0.774174592074592,0.7693731934731934,0.6681030303030303,0.6825594405594406,0.7053135198135199,0.6815920745920746
2005,17,0.6847888111888111,0.7022972027972029,0.7104533799533798,0.7245041958041957,0.7734088578088579,0.7789205128205129,0.7829013986013985,0.649441724941725,0.6704305361305362,0.6964291375291376,0.6931384615384615
2005,33,0.676137296037296,0.6994482517482516,0.7054706293706293,0.7213797202797203,0.7571606060606059,0.7599608391608391,0.7543780885780884,0.6285195804195804,0.653004895104895,0.680462937062937,0.702569696969697
2005,49,0.6713421911421912,0.6893687645687645,0.68271655011655,0.7206473193473193,0.7458855477855477,0.7448659673659674,0.751309090909091,0.5972983682983682,0.6389960372960373,0.6593857808857808,0.6933515151515152
2005,65,0.6567787878787879,0.6844272727272728,0.6731275058275058,0.7167177156177157,0.7300657342657342,0.7269377622377622,0.7431564102564102,0.5909759906759907,0.6014048951048951,0.6242137529137528,0.660069696969697
2005,81,0.6554715617715616,0.6915123543123542,0.6741673659673659,0.7213634032634032,0.7266153846153847,0.727125641025641,0.7492762237762237,0.5974694638694639,0.5759909090909091,0.6138480186480185,0.6519342657342657
2005,97,0.6584081585081585,0.689818881118881,0.6830067599067599,0.7203871794871796,0.7233962703962705,0.7262365967365967,0.7398592074592075,0.609260606060606,0.5707785547785548,0.6180386946386945,0.6219818181818182
2005,113,0.6740065268065267,0.7260724941724941,0.7069,0.7384328671328669,0.7439282051282051,0.7419986013986015,0.7555776223776224,0.645030303030303,0.5950587412587411,0.634072494172494,0.6096216783216784
2005,129,0.7047538461538463,0.7454156177156177,0.7403762237762237,0.7578053613053612,0.7582596736596735,0.7597540792540791,0.7729582750582751,0.6849207459207459,0.6293976689976689,0.6697526806526806,0.6306314685314686
2005,145,0.7303741258741258,0.7701170163170163,0.7688086247086244,0.7741037296037295,0.777483916083916,0.7790032634032634,0.7980363636363637,0.7154447552447551,0.6647948717948717,0.7055969696969696,0.6565848484848484
2005,161,0.7538207459207459,0.7825163170163171,0.7856550116550116,0.7883547785547784,0.7972976689976691,0.7958841491841492,0.8170843822843823,0.7375587412587412,0.6950622377622377,0.7308864801864801,0.6794825174825175
2005,177,0.7754216783216783,0.7941272727272726,0.7949055944055944,0.8038501165501165,0.8308384615384617,0.8410636363636362,0.8332344988344988,0.7483571095571097,0.7281668997668997,0.755902564102564,0.7357100233100233
2005,193,0.7750745920745922,0.7940692307692306,0.7924410256410256,0.7998778554778555,0.8223312354312354,0.8344314685314687,0.8448407925407925,0.7427293706293706,0.747243822843823,0.7595431235431235,0.7265682983682984
2005,209,0.7676340326340326,0.7821946386946388,0.7741403263403261,0.7891123543123542,0.7973920745920745,0.782606526806527,0.8220794871794873,0.7317358974358975,0.7580186480186479,0.7603540792540793,0.7425648018648019
2005,225,0.7556456876456877,0.7763666666666668,0.7752720279720278,0.7750356643356644,0.7742876456876456,0.7330130536130535,0.8018713286713285,0.7229811188811189,0.7331820512820513,0.7483538461538463,0.7336090909090908
2005,241,0.7343787878787879,0.7624291375291373,0.7532526806526807,0.7412561771561771,0.7255142191142191,0.6746100233100234,0.7656755244755246,0.7038911421911421,0.7049020979020978,0.7261981351981351,0.7458745920745922
2005,257,0.7153307692307693,0.7479648018648016,0.7347407925407925,0.7193132867132868,0.6850328671328672,0.619190675990676,0.7356501165501165,0.6910547785547786,0.6887587412587413,0.7015452214452214,0.6982944055944056
2005,273,0.7542433566433566,0.7960088578088578,0.7748121212121212,0.7599981351981352,0.698583916083916,0.6049226107226107,0.7650006993006994,0.734185780885781,0.7287433566433567,0.7355787878787878,0.7265125874125875
2005,289,0.7174344988344988,0.750841724941725,0.7384655011655011,0.7295405594405594,0.6547379953379954,0.5421086247086248,0.7069734265734267,0.6675603729603728,0.6594624708624709,0.6773405594405595,0.6643314685314685
2005,305,0.6237081585081586,0.64703682983683,0.6322421911421912,0.6595986013986014,0.5802354312354312,0.4797121212121212,0.6320407925407926,0.599558041958042,0.5925990675990677,0.6051093240093239,0.594283682983683
2005,321,0.5549776223776224,0.5744918414918415,0.5643153846153847,0.5239799533799534,0.464774358974359,0.3969909090909091,0.5269759906759907,0.5563389277389277,0.5563981351981352,0.5524843822843822,0.539772027972028
2005,337,0.512460606060606,0.5324363636363635,0.5239911421911421,0.4348074592074591,0.41080536130536127,0.3626191142191142,0.47626713286713285,0.5324655011655012,0.5391701631701631,0.5264086247086247,0.5424062937062938
2005,353,0.48187878787878774,0.5040904428904429,0.5028550116550116,0.37579976689976674,0.33184708624708614,0.3085284382284382,0.44350256410256406,0.5138545454545455,0.524988111888112,0.51065337995338,0.48107389277389273
2006,1,0.49561561771561774,0.5126079254079252,0.5103081585081585,0.3647883449883448,0.32165687645687635,0.2762286713286713,0.42533333333333323,0.5420382284382285,0.5311727272727272,0.5080051282051281,0.4753447552447552
2006,17,0.5225736596736595,0.5354065268065267,0.5325596736596735,0.37976107226107214,0.32546946386946374,0.299379254079254,0.45167179487179476,0.5415473193473194,0.5560482517482517,0.5262999999999999,0.4927986013986014
2006,33,0.5625104895104895,0.5896088578088577,0.5702993006993007,0.4273627039627038,0.3652529137529137,0.33658578088578084,0.5009004662004661,0.559504195804196,0.5866587412587413,0.5569515151515151,0.5383790209790208
2006,49,0.6296296037296037,0.6570822843822843,0.631127972027972,0.5198505827505827,0.4529396270396271,0.3950405594405594,0.5893184149184149,0.5891104895104894,0.6351578088578088,0.611897435897436,0.6007233100233099
2006,65,0.7107841491841492,0.7503298368298369,0.7169890442890442,0.657037296037296,0.5665967365967367,0.4680638694638696,0.6989808857808859,0.6335310023310023,0.6917221445221445,0.6831892773892774,0.6839165501165501
2006,81,0.6923363636363637,0.7325629370629372,0.6975596736596738,0.7093230769230768,0.6046326340326341,0.4777731934731935,0.7187132867132868,0.5720864801864802,0.637625641025641,0.6432484848484848,0.6780557109557108
2006,97,0.6597361305361304,0.6913456876456877,0.6603344988344988,0.7205820512820512,0.6217526806526806,0.4777687645687646,0.7223848484848486,0.5652601398601399,0.62909953379953365,0.6370344988344988,0.6705076923076922
2006,113,0.6645305361305361,0.7021202797202797,0.6755536130536132,0.6831587412587412,0.5998454545454545,0.44261095571095566,0.7024692307692307,0.5808533799533798,0.6464566433566434,0.6390937062937063,0.6902692307692307
2006,129,0.6784587412587413,0.70930675990676,0.6963170163170163,0.7060550116550116,0.6267745920745921,0.43544662004661994,0.7244088578088578,0.6151242424242424,0.6613804195804197,0.6560580419580421,0.7284890442890444
2006,145,0.6926037296037297,0.7225386946386947,0.7154934731934731,0.7185130536130536,0.6178983682983682,0.43337762237762234,0.7361650349650349,0.6497587412587411,0.6726638694638694,0.6709249417249415,0.7276752913752914
2006,161,0.7197934731934731,0.7453927738927738,0.7362517482517482,0.7304361305361304,0.6267265734265733,0.4470634032634033,0.7487289044289045,0.7018804195804197,0.6890825174825174,0.6825449883449882,0.7313554778554777
2006,177,0.7344170163170163,0.757397668997669,0.7453561771561772,0.7310692307692308,0.6321983682983683,0.4671013986013986,0.7623701631701632,0.7053100233100232,0.709074592074592,0.70598344988345,0.7379717948717949
2006,193,0.7541095571095571,0.7768090909090909,0.7613881118881118,0.7434629370629369,0.6583904428904429,0.49652377622377625,0.7810993006993008,0.722753146853147,0.725132634032634,0.7088030303030304,0.7387496503496502
2006,209,0.7622967365967366,0.7858480186480188,0.7609620046620046,0.7347025641025641,0.6561783216783216,0.5245386946386945,0.7897827505827506,0.7261734265734267,0.7293272727272728,0.704388578088578,0.7473020979020979
2006,225,0.7430587412587412,0.7829396270396269,0.7507153846153845,0.7296794871794872,0.6681624708624708,0.5395412587412587,0.7843662004662005,0.7110885780885781,0.7126638694638694,0.6977258741258741,0.7504244755244756
2006,241,0.7953757575757577,0.8340319347319348,0.7959,0.7908032634032635,0.7096193473193474,0.6009939393939395,0.8364720279720279,0.7515874125874126,0.7572391608391609,0.7396906759906761,0.7998603729603728
2006,257,0.7500165501165502,0.787806526806527,0.7480400932400934,0.7364466200466201,0.6580979020979022,0.5718505827505828,0.7810389277389278,0.6935156177156178,0.7018379953379954,0.6760832167832169,0.717069696969697
2006,273,0.6399079254079255,0.6796965034965035,0.6416268065268065,0.6614037296037296,0.5713128205128206,0.50083822843822845,0.7021179487179486,0.6009317016317016,0.6083137529137529,0.5784578088578087,0.6186030303030302
2006,289,0.6121883449883451,0.6470892773892774,0.6202599067599068,0.6327125874125873,0.544348717948718,0.48618624708624714,0.6657680652680653,0.5974517482517483,0.6004403263403264,0.5681081585081584,0.6024899766899767
2006,305,0.4911750582750581,0.530739627039627,0.5069993006993007,0.5191079254079254,0.4306501165501165,0.38597832167832163,0.5482776223776222,0.49390885780885774,0.4958599067599067,0.46079277389277384,0.4938937062937062
2006,321,0.4318135198135196,0.4637951048951048,0.44922400932400935,0.45798764568764566,0.3796351981351981,0.33884965034965026,0.4785317016317017,0.44940442890442883,0.4453850815850815,0.4117058275058275,0.4265762237762237
2006,337,0.36972004662004654,0.39945757575757557,0.38430256410256386,0.40060279720279707,0.3554599067599067,0.2978340326340326,0.44743146853146853,0.3974682983682982,0.38889836829836816,0.35062960372960367,0.37690093240093236
2006,353,0.37377622377622366,0.38789067599067595,0.3889053613053612,0.38681864801864796,0.3303545454545454,0.28804592074592067,0.37650629370629357,0.4051030303030302,0.402725874125874,0.3642899766899765,0.3771762237762237
2007,1,0.4138883449883449,0.42137226107226106,0.4239111888111887,0.411397902097902,0.33661958041958034,0.29854825174825167,0.3641270396270395,0.4418132867132867,0.43646480186480197,0.41359347319347317,0.4319501165501165
2007,17,0.4926083916083915,0.49175337995337987,0.5014454545454544,0.4805680652680652,0.41408601398601397,0.354832634032634,0.4018766899766899,0.5090799533799534,0.5071235431235431,0.5015559440559441,0.5125794871794872
2007,33,0.6232853146853147,0.6166708624708624,0.6236470862470862,0.6026505827505828,0.49897948717948704,0.45565501165501165,0.49646923076923066,0.6122827505827505,0.619542191142191,0.6179214452214453,0.6294291375291374
2007,49,0.6445223776223775,0.6403769230769231,0.643418881118881,0.6148540792540793,0.5100575757575758,0.478588344988345,0.5172876456876456,0.6042405594405593,0.6149480186480186,0.6176920745920745,0.6367696969696969
2007,65,0.6646219114219114,0.663172261072261,0.668795104895105,0.6519041958041958,0.5560925407925407,0.5174729603729604,0.5853524475524475,0.6187244755244755,0.6305188811188811,0.6512326340326339,0.6668118881118881
2007,81,0.7358102564102565,0.7409426573426574,0.740257808857809,0.7099205128205127,0.6285778554778555,0.588997435897436,0.6705016317016318,0.6905641025641025,0.7024114219114219,0.7300589743589744,0.7578146853146853
2007,97,0.6958128205128206,0.7038419580419579,0.700904662004662,0.6866589743589743,0.6160895104895104,0.5759762237762237,0.6769655011655011,0.6362032634032634,0.6464993006993007,0.6565214452214452,0.6899552447552448
2007,113,0.7120948717948717,0.7267286713286714,0.7163228438228438,0.7169508158508158,0.6657825174825175,0.6167086247086246,0.7523377622377622,0.6502312354312355,0.6565090909090909,0.6538498834498835,0.710081585081585
2007,129,0.6970219114219113,0.7231242424242422,0.702793006993007,0.7233170163170162,0.6826191142191141,0.630021212121212,0.8013855477855478,0.6392909090909091,0.6383927738927738,0.6246393939393938,0.6660300699300699
2007,145,0.7236655011655011,0.74063310023310025,0.7282263403263404,0.7406951048951048,0.6854620046620047,0.6387277389277389,0.7743030303030303,0.668800233100233,0.6713682983682983,0.6678666666666667,0.667644289044289
2007,161,0.7417445221445221,0.7609547785547783,0.7460319347319347,0.7661897435897437,0.6984888111888112,0.6463531468531469,0.7929759906759909,0.6890498834498835,0.6882156177156178,0.6842093240093239,0.6697090909090908
2007,177,0.7608249417249418,0.773183682983683,0.7604121212121211,0.7852086247086246,0.7136734265734265,0.6675925407925407,0.8073897435897437,0.7102298368298368,0.7155701631701631,0.7136344988344988,0.6981177156177156
2007,193,0.7709620046620045,0.7902254079254081,0.7756682983682983,0.799209324009324,0.7245892773892774,0.6749151515151514,0.8114876456876459,0.7259944055944055,0.7296321678321678,0.7244440559440559,0.7095561771561771
2007,209,0.775200466200466,0.8087899766899767,0.7996965034965036,0.7973000000000001,0.7404962703962703,0.690311421911422,0.8112142191142191,0.7331251748251747,0.7450433566433566,0.7314223776223777,0.7197102564102565
2007,225,0.7618601398601397,0.8016424242424242,0.7970874125874126,0.7744592074592074,0.7297004662004661,0.6869305361305361,0.8030286713286714,0.7314932400932401,0.7476748251748251,0.721246853146853,0.7222452214452213
2007,241,0.750606993006993,0.7995177156177156,0.7901111888111889,0.7629988344988344,0.7261629370629369,0.6779899766899766,0.7874885780885781,0.7308459207459208,0.7463,0.7117032634032634,0.7128174825174824
2007,257,0.7385342657342657,0.7862184149184148,0.7818675990675992,0.735413752913753,0.7061011655011654,0.6714170163170163,0.7520841491841492,0.7204179487179486,0.7336314685314685,0.6921412587412586,0.6849981351981352
2007,273,0.7195522144522145,0.7683587412587412,0.7637573426573426,0.713844055944056,0.6807351981351981,0.6473102564102563,0.7264696969696969,0.7068834498834499,0.7244850815850816,0.6902634032634032,0.7078610722610722
2007,289,0.7078643356643356,0.7560179487179487,0.7516247086247086,0.6977331002331002,0.6677410256410256,0.640135198135198,0.7037545454545453,0.7154540792540791,0.7288151515151516,0.6886967365967366,0.6987347319347319
2007,305,0.704165501165501,0.7450734265734266,0.7402778554778554,0.6840533799533799,0.6561615384615386,0.6275384615384615,0.6874125874125874,0.7178946386946388,0.7311407925407926,0.7070706293706294,0.6904876456876458
2007,321,0.7038151515151516,0.7372722610722612,0.7269587412587412,0.6835034965034965,0.641474592074592,0.6138494172494172,0.6780664335664335,0.7135088578088578,0.7242603729603729,0.7116934731934731,0.6823874125874125
2007,337,0.7005461538461539,0.724406993006993,0.7079037296037294,0.6785296037296037,0.6292289044289043,0.5966006993006993,0.6715685314685313,0.7060729603729604,0.7167564102564102,0.6941776223776225,0.6816214452214452
2007,353,0.6913843822843823,0.7289869463869463,0.702272261072261,0.6777254079254078,0.6245958041958042,0.5753797202797203,0.6592645687645687,0.7104181818181818,0.699253613053613,0.6556694638694638,0.6218207459207459
2008,1,0.6795202797202797,0.7225694638694639,0.6998888111888112,0.6762759906759906,0.6376438228438229,0.58453170163170165,0.6667550116550116,0.679583682983683,0.6958962703962704,0.6451818181818182,0.6117582750582751
2008,17,0.6698918414918413,0.7059463869463869,0.6827498834498834,0.6592622377622378,0.6109923076923076,0.5754799533799534,0.6709862470862471,0.6521114219114218,0.6799102564102563,0.628083682983683,0.575176923076923
2008,33,0.6689174825174824,0.6978578088578089,0.6838750582750583,0.6528237762237762,0.6120827505827504,0.5701254079254079,0.6751317016317017,0.6311895104895104,0.6674717948717949,0.6203473193473193,0.5303347319347318
2008,49,0.6624412587412587,0.6825515151515152,0.6785291375291375,0.6382631701631701,0.5925417249417249,0.5661659673659672,0.6655673659673659,0.6101319347319347,0.6500624708624707,0.6270466200466199,0.5384445221445221
2008,65,0.6494850815850816,0.6597857808857807,0.6610713286713286,0.6287452214452214,0.5769720279720278,0.5631685314685314,0.6628636363636364,0.589325641025641,0.6336503496503496,0.6236407925407924,0.5851219114219114
2008,81,0.6430969696969696,0.6504533799533799,0.6543575757575757,0.6255342657342657,0.5850974358974358,0.5785030303030304,0.6622766899766899,0.5860764568764568,0.6254981351981351,0.6299344988344988,0.5946074592074592
2008,97,0.6489354312354312,0.656465268065268,0.6587960372960372,0.6387648018648019,0.605537296037296,0.5954249417249418,0.6858482517482517,0.589279020979021,0.6209706293706293,0.6467869463869463,0.5931284382284382
2008,113,0.6640403263403263,0.6701822843822843,0.6691337995337996,0.6562461538461538,0.6253505827505828,0.6084846153846154,0.6962419580419581,0.6036475524475524,0.6267046620046621,0.6543631701631701,0.6200993006993007
2008,129,0.6790219114219114,0.6935174825174825,0.6850403263403263,0.6786351981351981,0.658653613053613,0.6202997668997668,0.7114466200466201,0.6266941724941724,0.6409738927738926,0.6567769230769229,0.6451186480186479
2008,145,0.6978160839160839,0.7242939393939393,0.7065200466200465,0.7148752913752914,0.6940282051282052,0.6370759906759907,0.7313638694638694,0.6628580419580419,0.6576254079254078,0.6806759906759906,0.6805624708624709
2008,161,0.713420745920746,0.7347314685314685,0.7187016317016316,0.7385461538461537,0.726362703962704,0.6549836829836829,0.7496997668997667,0.6696114219114218,0.680937296037296,0.6876095571095571,0.7037575757575757
2008,177,0.7370606060606059,0.752334965034965,0.74060349650349655,0.754244055944056,0.7261275058275057,0.6640009324009325,0.7677885780885781,0.6963410256410256,0.7074186480186481,0.6993081585081584,0.7188095571095571
2008,193,0.75167668997669,0.7577337995337995,0.7603116550116549,0.7618902097902097,0.7313067599067601,0.6688389277389276,0.769239393939394,0.7161876456876456,0.730399766899767,0.7025174825174825,0.7073272727272728
2008,209,0.7586342657342658,0.7637293706293705,0.7698913752913752,0.7739191142191143,0.7286867132867132,0.6756326340326341,0.7757715617715617,0.7318370629370629,0.7365389277389277,0.6903762237762239,0.71482331002331
2008,225,0.7525407925407925,0.7576487179487179,0.7631072261072259,0.7756,0.7251256410256408,0.6865095571095572,0.7790221445221446,0.733360372960373,0.735332634032634,0.6815911421911423,0.7170834498834497
2008,241,0.7396587412587412,0.7462006993006992,0.7484195804195805,0.7634731934731933,0.7062680652680652,0.6796193473193473,0.7669983682983684,0.71209324009324,0.7162857808857808,0.6825536130536131,0.6803142191142191
2008,257,0.738939627039627,0.745253613053613,0.7488424242424242,0.7629881118881119,0.7106988344988344,0.6818340326340327,0.7612799533799534,0.7149163170163169,0.7095729603729605,0.6880972027972027,0.6898729603729604
2008,273,0.7799261072261072,0.7777083916083916,0.7851247086247085,0.7981275058275059,0.7527888111888111,0.7062773892773891,0.7883018648018647,0.7605724941724942,0.75835337995338,0.7482314685314686,0.7553331002331002
2008,289,0.7333191142191142,0.7607135198135199,0.7624797202797204,0.7723524475524475,0.7234009324009325,0.6859456876456878,0.7698818181818183,0.731539393939394,0.7322205128205128,0.7465314685314687,0.7525547785547787
2008,305,0.5907030303030304,0.6334566433566432,0.6346282051282052,0.6343587412587413,0.5894652680652682,0.5675501165501164,0.637725641025641,0.6038825174825175,0.6014503496503497,0.627020979020979,0.6442645687645687
2008,321,0.48783216783216776,0.5355710955710955,0.5360762237762238,0.5336687645687646,0.4908289044289045,0.476597902097902,0.5331312354312354,0.510107226107226,0.5110002331002331,0.5254139860139859,0.5355508158508158
2008,337,0.41912540792540787,0.47197599067599055,0.4740825174825174,0.46870256410256406,0.42623053613053596,0.41514219114219103,0.4647275058275059,0.4464552447552448,0.4472662004662003,0.45239533799533793,0.4760009324009324
2008,353,0.39249766899766897,0.4426613053613052,0.4485226107226106,0.43757995337995326,0.3964724941724941,0.3904428904428904,0.4287104895104894,0.41596503496503484,0.42175641025641014,0.4284137529137529,0.43841701631701624
2009,1,0.39336759906759894,0.4417268065268064,0.4441883449883449,0.4339827505827506,0.3927540792540792,0.3928829836829836,0.43647482517482505,0.40960885780885764,0.4169902097902096,0.4046648018648017,0.437783682983683
2009,17,0.4264897435897434,0.4709289044289043,0.4630923076923075,0.46229230769230756,0.4276086247086245,0.42608811188811185,0.4764410256410257,0.4208850815850815,0.43246876456876454,0.40389487179487177,0.438737296037296
2009,33,0.49069347319347306,0.5258144522144522,0.51218648018648,0.5148016317016316,0.4760386946386945,0.4710198135198134,0.5292067599067599,0.4594121212121212,0.47384848484848474,0.44300722610722604,0.4833620046620045
2009,49,0.5850983682983684,0.6099331002331003,0.5880391608391607,0.6058132867132867,0.5712193473193473,0.5382053613053612,0.605897668997669,0.5325156177156176,0.5504032634032634,0.515855944055944,0.5781386946386946
2009,65,0.6933948717948717,0.7099069930069929,0.6912433566433566,0.714444289044289,0.6788114219114219,0.6355827505827506,0.7209776223776223,0.6422867132867134,0.6536650349650351,0.6200030303030304,0.6999261072261073
2009,81,0.6898911421911422,0.7239312354312354,0.7048925407925408,0.7204694638694639,0.6846016317016316,0.6578538461538462,0.738104195804196,0.6412778554778555,0.6485741258741258,0.6294818181818181,0.6879762237762238
2009,97,0.6409254079254079,0.6690286713286713,0.655974592074592,0.6712524475524475,0.6399731934731935,0.6185759906759906,0.7018813519813518,0.5935904428904428,0.5906487179487179,0.5866650349650349,0.6272696969696968
2009,113,0.6530107226107226,0.6734477855477856,0.6673729603729603,0.6898261072261072,0.65929930069930065,0.6350470862470863,0.7210741258741258,0.6121361305361306,0.6062424242424241,0.6247505827505827,0.6354650349650348
2009,129,0.6652578088578088,0.6866181818181819,0.681179254079254,0.7055463869463869,0.6828337995337995,0.6453114219114218,0.7371214452214451,0.6385452214452213,0.62152331002331,0.6485333333333332,0.6428286713286713
2009,145,0.6848825174825175,0.7025223776223776,0.6966636363636364,0.7265398601398602,0.7050470862470862,0.6675627039627038,0.7559104895104896,0.6632979020979022,0.6519172494172494,0.7084144522144522,0.6944932400932401
2009,161,0.6958545454545455,0.7114074592074591,0.7063631701631701,0.7368324009324009,0.7183554778554777,0.6765361305361305,0.7723263403263402,0.6790333333333333,0.672727972027972,0.7020086247086248,0.6917815850815852
2009,177,0.7063540792540792,0.7312764568764569,0.7152818181818181,0.7499662004662004,0.7329934731934732,0.6870298368298368,0.7861741258741259,0.690595571095571,0.6918004662004662,0.6957596736596736,0.6676885780885781
2009,193,0.7172438228438227,0.744684149184149,0.7234438228438228,0.7609748251748252,0.7383766899766899,0.6914424242424242,0.7896331002331003,0.698567599067599,0.707574358974359,0.6950736596736596,0.6911587412587412
2009,209,0.7146265734265734,0.746744289044289,0.7193741258741259,0.7634013986013986,0.7380312354312354,0.6864561771561771,0.7891132867132865,0.692665034965035,0.7090906759906761,0.6879857808857808,0.6847146853146853
2009,225,0.7128111888111888,0.7430906759906759,0.7226839160839161,0.7582375291375293,0.7296195804195805,0.695827738927739,0.7943596736596735,0.7186480186480186,0.7381990675990677,0.6786804195804196,0.6846382284382284
2009,241,0.7038424242424242,0.7131006993006991,0.7132039627039627,0.7480219114219115,0.7082242424242424,0.6770452214452214,0.7752871794871794,0.6528864801864803,0.6765335664335663,0.6637342657342656,0.6582058275058275
2009,257,0.6931890442890443,0.7221958041958042,0.7026088578088578,0.7406529137529136,0.6948086247086248,0.6608806526806525,0.7643703962703963,0.646518648018648,0.6500962703962703,0.6842149184149182,0.6480610722610722
2009,273,0.680562703962704,0.7237724941724942,0.6812822843822843,0.7283850815850815,0.6781820512820512,0.6422198135198136,0.7445149184149185,0.6355090909090907,0.6327983682983682,0.7113177156177156,0.6470589743589743
2009,289,0.66795337995338,0.72415337995338,0.6754510489510489,0.7110550116550116,0.6626251748251749,0.6212573426573426,0.7243766899766899,0.6328491841491842,0.6100783216783215,0.7356023310023309,0.6634594405594405
2009,305,0.6731235431235432,0.7225508158508157,0.6864037296037294,0.6930892773892774,0.6496946386946387,0.617823543123543,0.7051151515151514,0.6523592074592075,0.6251829836829836,0.7651158508158508,0.691974358974359
2009,321,0.6716312354312355,0.7190062937062938,0.69474662004662,0.682525407925408,0.64579324009324,0.6131417249417249,0.6928993006993008,0.6670508158508158,0.6447223776223776,0.7591386946386947,0.684727972027972
2009,337,0.6757202797202797,0.7224062937062937,0.7036328671328672,0.6684251748251747,0.6389771561771561,0.614027738927739,0.6843613053613053,0.6797125874125873,0.6602501165501165,0.7539613053613053,0.691269696969697
2009,353,0.6849130536130537,0.7271202797202796,0.7172058275058274,0.668897668997669,0.6483116550116551,0.6277170163170162,0.6893452214452213,0.7063277389277389,0.6820680652680652,0.7495076923076922,0.7322529137529137
2010,1,0.681951048951049,0.7238981351981352,0.7218391608391608,0.6851685314685315,0.6569543123543123,0.6562925407925407,0.6936752913752913,0.7250850815850816,0.7043249417249418,0.7259153846153845,0.7219013986013987
2010,17,0.6670060606060606,0.7046862470862472,0.7053680652680652,0.6713916083916083,0.6448862470862471,0.6340526806526807,0.710139627039627,0.7106916083916083,0.7240934731934734,0.6922508158508159,0.7075137529137528
2010,33,0.6649606060606061,0.6814307692307692,0.6980377622377623,0.6524538461538462,0.6400522144522143,0.6113930069930069,0.7050983682983684,0.6334016317016318,0.6606965034965034,0.655651282051282,0.6815613053613054
2010,49,0.6587006993006993,0.6982757575757575,0.683065268065268,0.6427601398601398,0.6438268065268066,0.604137296037296,0.7018906759906761,0.620279254079254,0.6504727272727272,0.6552319347319348,0.6676282051282052
2010,65,0.6502032634032633,0.6951988344988345,0.6590876456876458,0.6404356643356643,0.6507090909090909,0.6000324009324008,0.707172261072261,0.58125337995338,0.6217051282051281,0.6269846153846155,0.6441263403263404
2010,81,0.648632400932401,0.6886566433566432,0.6601384615384616,0.6453689976689977,0.6570920745920745,0.5944324009324008,0.7187729603729603,0.5623501165501165,0.5797787878787877,0.6012638694638693,0.6249755244755245
2010,97,0.6706393939393938,0.6886920745920745,0.6737310023310024,0.6565785547785548,0.6728184149184148,0.6145074592074591,0.7304717948717948,0.5801648018648017,0.6105319347319346,0.6117214452214452,0.6267986013986013
2010,113,0.6828694638694639,0.6879911421911422,0.683083916083916,0.6800235431235431,0.6935592074592074,0.6389986013986014,0.7410065268065268,0.595734965034965,0.6341869463869463,0.6329158508158507,0.6435937062937064
2010,129,0.701651515151515,0.695990909090909,0.6991517482517482,0.7063727272727272,0.7131293706293707,0.6691167832167831,0.7524491841491842,0.6236158508158508,0.6563806526806527,0.6480990675990675,0.6925391608391609
2010,145,0.7143508158508158,0.7076762237762236,0.7131212121212122,0.7401079254079254,0.7321205128205129,0.7003622377622378,0.7634065268065269,0.6640892773892774,0.6845475524475524,0.6839025641025641,0.725071794871795
2010,161,0.7174913752913752,0.7241641025641026,0.7225671328671328,0.772358275058275,0.7410377622377621,0.7267578088578089,0.76885641025641,0.6919962703962704,0.7070109557109557,0.71663986013986,0.7439132867132866
2010,177,0.7180391608391608,0.7374438228438228,0.7268081585081585,0.7679107226107227,0.7389438228438229,0.7079326340326341,0.7837142191142191,0.6996526806526806,0.7230848484848486,0.7342298368298369,0.7347738927738927
2010,193,0.7362179487179487,0.7564678321678321,0.7469375291375291,0.7684109557109556,0.7485149184149184,0.7194121212121212,0.7877111888111887,0.7130377622377622,0.73406993006993,0.7501869463869463,0.7478745920745921
2010,209,0.738609557109557,0.7686435897435897,0.7493498834498834,0.7714869463869464,0.7493209790209792,0.7249913752913753,0.791995337995338,0.7130062937062936,0.7358757575757574,0.7487857808857808,0.7498447552447551
2010,225,0.7370613053613054,0.7750902097902097,0.7470428904428905,0.7689867132867133,0.7516475524475523,0.7208153846153845,0.7957438228438227,0.7057629370629371,0.7156214452214452,0.7249505827505828,0.7030689976689978
2010,241,0.7147177156177157,0.8253417249417249,0.7223974358974358,0.8133512820512823,0.787165034965035,0.749011655011655,0.7794361305361304,0.6823993006993007,0.6737044289044289,0.7094237762237763,0.6918680652680652
2010,257,0.7351715617715616,0.7478853146853146,0.7347335664335666,0.7324867132867134,0.7159815850815853,0.6856508158508158,0.7757503496503495,0.68557668997669,0.6993132867132869,0.7162720279720279,0.6780715617715618
2010,273,0.7492279720279719,0.6894750582750583,0.7447356643356644,0.6672636363636364,0.6510885780885781,0.6130473193473193,0.7955573426573427,0.6898086247086246,0.7081195804195805,0.6965337995337997,0.6574331002331002
2010,289,0.7358543123543122,0.6412610722610721,0.736867599067599,0.6235986013986013,0.6121848484848484,0.5798226107226105,0.7790100233100231,0.6879892773892774,0.7113382284382284,0.6709843822843823,0.6544692307692308
2010,305,0.7263342657342657,0.5866734265734265,0.7388752913752914,0.5801482517482517,0.5748219114219114,0.5932291375291374,0.6976200466200466,0.6745934731934733,0.694348717948718,0.6478608391608391,0.6158065268065267
2010,321,0.7539780885780885,0.6005034965034965,0.7755424242424241,0.6079020979020977,0.591205128205128,0.6492776223776223,0.6716501165501164,0.6906405594405595,0.7111808857808858,0.6417060606060606,0.6386846153846153
2010,337,0.7498032634032634,0.6030615384615384,0.7785694638694638,0.6198363636363636,0.6009895104895104,0.6857517482517481,0.6378062937062936,0.6913729603729603,0.708058275058275,0.6175048951048949,0.6293806526806528
2010,353,0.738834965034965,0.6143876456876456,0.7745107226107227,0.6465214452214451,0.615751282051282,0.7225414918414917,0.6215638694638693,0.6921456876456876,0.7021428904428905,0.5987165501165502,0.6502715617715618
2011,1,0.7376487179487179,0.6494883449883451,0.7677379953379954,0.693262937062937,0.6531720279720279,0.7606494172494173,0.624646386946387,0.682358041958042,0.6889272727272727,0.5761997668997668,0.6750454545454545
2011,17,0.6764811188811188,0.6847449883449884,0.7149319347319346,0.7180522144522145,0.6872780885780886,0.7871675990675993,0.6140279720279719,0.6365550116550116,0.6554988344988345,0.5696459207459208,0.6512694638694638
2011,33,0.6534230769230769,0.7282953379953381,0.6889018648018649,0.7730601398601399,0.7172622377622377,0.7897813519813519,0.6252736596736594,0.6351664335664335,0.6247412587412586,0.5904205128205127,0.6529275058275059
2011,49,0.6665340326340327,0.6515776223776224,0.692527972027972,0.7058447552447552,0.6427163170163168,0.6814207459207459,0.6756678321678321,0.6514251748251748,0.6217585081585083,0.6153813519813519,0.63921655011655
2011,65,0.6553941724941724,0.6426752913752912,0.6734142191142191,0.6896368298368297,0.6160501165501165,0.6080986013986013,0.7248410256410257,0.6500198135198134,0.6033906759906761,0.6141382284382284,0.61393986013986
2011,81,0.6260377622377621,0.6206554778554779,0.6471832167832168,0.6757219114219113,0.6067708624708624,0.5772594405594405,0.7248780885780886,0.6300216783216781,0.5776934731934731,0.6098601398601398,0.5890331002331002
2011,97,0.6455582750582749,0.620130303030303,0.6665545454545453,0.6772883449883449,0.618684149184149,0.6033475524475526,0.7069128205128206,0.6367391608391608,0.5803585081585083,0.6325198135198135,0.5917946386946387
2011,113,0.6866995337995337,0.6607440559440559,0.6987622377622377,0.7460375291375291,0.6812731934731935,0.6500585081585081,0.7395615384615384,0.6635277389277389,0.6162174825174825,0.6703706293706294,0.6463184149184149
2011,129,0.6977142191142192,0.6796554778554778,0.7112764568764568,0.7198452214452215,0.6795214452214452,0.667762937062937,0.7535414918414918,0.6701689976689977,0.6321918414918415,0.6781270396270397,0.6607850815850816
2011,145,0.7221965034965034,0.7182682983682984,0.735416083916084,0.7188923076923076,0.6966755244755245,0.7017123543123542,0.7808925407925409,0.6916988344988345,0.6645452214452214,0.6809692307692307,0.6804198135198134
2011,161,0.7499097902097901,0.7606608391608392,0.7582282051282051,0.7247615384615385,0.7206617715617715,0.7398911421911422,0.8075820512820513,0.7000324009324009,0.694276923076923,0.693969696969697,0.7340333333333333
2011,177,0.7345375291375291,0.7904675990675991,0.757416317016317,0.713988578088578,0.7285088578088578,0.7611529137529137,0.812984149184149,0.6930871794871794,0.7180641025641026,0.7119237762237762,0.7177414918414918
2011,193,0.7897205128205127,0.8418965034965035,0.8127787878787878,0.7489277389277389,0.7497946386946387,0.7826414918414918,0.8519319347319347,0.7285631701631702,0.7456974358974359,0.7278398601398599,0.7070902097902098
2011,209,0.7614104895104895,0.8001834498834499,0.7835946386946386,0.7279060606060606,0.7315652680652681,0.7571216783216782,0.8275482517482519,0.7523867132867132,0.7562806526806527,0.7488769230769231,0.7183603729603728
2011,225,0.7343738927738929,0.7599396270396271,0.7540815850815852,0.7181445221445221,0.7177412587412587,0.7303030303030303,0.8007827505827503,0.7555214452214452,0.7528526806526806,0.7388482517482517,0.7103850815850816
2011,241,0.6872370629370629,0.6939158508158507,0.7010230769230769,0.6897631701631701,0.6863426573426573,0.6833874125874125,0.7568668997668999,0.7290298368298368,0.7223976689976691,0.7171396270396271,0.6850547785547785
2011,257,0.6683242424242423,0.6614221445221444,0.6777995337995337,0.6813743589743589,0.6805251748251748,0.6637785547785547,0.7181703962703962,0.7346801864801864,0.7277666666666666,0.7344177156177155,0.7025062937062936
2011,273,0.6735172494172492,0.6615454545454544,0.6798638694638693,0.714190675990676,0.704132400932401,0.6579419580419581,0.7087689976689976,0.7379412587412586,0.7181762237762237,0.7315834498834498,0.7313881118881118
2011,289,0.6763967365967365,0.6772757575757576,0.6874058275058273,0.6865696969696969,0.6785869463869463,0.6427470862470862,0.7024508158508158,0.7314489510489511,0.699688344988345,0.7200972027972029,0.7330923076923075
2011,305,0.6855060606060606,0.6714,0.6952710955710956,0.6950356643356643,0.6796167832167832,0.6322456876456874,0.7006074592074591,0.7221011655011655,0.6863503496503497,0.698686247086247,0.7285673659673658
2011,321,0.7138016317016317,0.6941086247086246,0.7240291375291376,0.7166687645687646,0.6953498834498835,0.6384193473193474,0.7169897435897434,0.7163009324009323,0.6801135198135199,0.682730303030303,0.7559132867132866
2011,337,0.755360372960373,0.7336377622377623,0.758020979020979,0.7588874125874127,0.7323006993006993,0.6727254079254078,0.7563435897435896,0.7127337995337993,0.6852088578088578,0.6712715617715618,0.7541568764568763
2011,353,0.7718216783216783,0.7645543123543123,0.7841431235431235,0.7852592074592075,0.7571925407925408,0.7002167832167832,0.7883172494172496,0.7068058275058275,0.6876993006993007,0.6426109557109557,0.7503321678321678
2012,1,0.7399340326340326,0.7258163170163169,0.7580445221445221,0.7589251748251747,0.7380909090909091,0.6799438228438228,0.7680410256410257,0.6961792540792541,0.6873764568764569,0.6411543123543123,0.7165018648018647
2012,17,0.7214468531468532,0.7108764568764568,0.7408703962703961,0.7496983682983682,0.7264137529137529,0.6830582750582751,0.767969463869464,0.6583701631701632,0.6651293706293705,0.6227356643356643,0.675595337995338
2012,33,0.6757440559440558,0.6777067599067599,0.6945834498834499,0.7060645687645688,0.6874139860139861,0.6606205128205129,0.7352428904428904,0.616446853146853,0.6419083916083916,0.601837062937063,0.6237125874125874
2012,49,0.6599004662004662,0.6802864801864801,0.6806377622377622,0.6842228438228438,0.6772261072261072,0.6624386946386946,0.7201468531468531,0.6073801864801863,0.6495904428904428,0.6161571095571096,0.6047025641025641
2012,65,0.6597496503496503,0.6987137529137529,0.6787557109557109,0.6882948717948718,0.6802058275058275,0.6683300699300698,0.7267664335664336,0.6069638694638695,0.6388613053613054,0.6296869463869462,0.608311655011655
2012,81,0.6463198135198136,0.7019088578088577,0.6641067599067598,0.6918275058275056,0.6670379953379952,0.6578277389277389,0.7163424242424242,0.5928363636363635,0.6210312354312355,0.6467307692307691,0.6005079254079254
2012,97,0.6456389277389277,0.6816755244755245,0.6604706293706293,0.6725344988344988,0.6656018648018648,0.6566261072261071,0.705827972027972,0.5990860139860139,0.6226456876456876,0.6479372960372959,0.6038799533799533
2012,113,0.6650846153846153,0.696588111888112,0.6749163170163168,0.6749801864801863,0.6843351981351979,0.6663223776223774,0.7157727272727272,0.6250748251748252,0.6346508158508157,0.6569477855477855,0.6374324009324008
2012,129,0.6889475524475523,0.7060132867132866,0.691088811188811,0.6900095571095571,0.7062041958041958,0.6986526806526806,0.7359944055944055,0.6573188811188811,0.6584899766899768,0.6718724941724942,0.6802867132867133
2012,145,0.6960344988344986,0.7241100233100233,0.7131678321678322,0.7001923076923076,0.7199083916083917,0.7087053613053613,0.750546853146853,0.6855186480186479,0.6783878787878788,0.6857016317016317,0.7207890442890443
2012,161,0.7151902097902098,0.7455398601398601,0.7339934731934732,0.7106086247086247,0.7343836829836828,0.7229102564102563,0.7643405594405595,0.6893088578088578,0.6949526806526805,0.6981438228438228,0.7161195804195805
2012,177,0.727125641025641,0.7571750582750582,0.7454648018648017,0.7250410256410256,0.7429804195804196,0.7365860139860141,0.7794778554778553,0.6943587412587412,0.6994426573426573,0.7042496503496504,0.72872331002331
2012,193,0.7291160839160837,0.7706818181818181,0.7501822843822844,0.7360916083916084,0.7479333333333333,0.7320216783216783,0.7836806526806525,0.706741958041958,0.7173004662004662,0.7085200466200466,0.7368289044289044
2012,209,0.7404981351981351,0.782432167832168,0.7563296037296037,0.7569552447552447,0.7595265734265734,0.7387939393939394,0.8000470862470862,0.7146181818181818,0.7235554778554779,0.7203771561771561,0.7402356643356643
2012,225,0.7362456876456877,0.7776284382284383,0.7499997668997669,0.771916783216783,0.7608515151515153,0.7365594405594406,0.8016668997668995,0.7135053613053612,0.7208955710955711,0.7254228438228438,0.7668216783216782
2012,241,0.721546153846154,0.7633568764568763,0.7469750582750583,0.7984459207459207,0.7637475524475523,0.7322480186480186,0.8022692307692307,0.6934405594405595,0.7048016317016317,0.7217843822843825,0.7457452214452215
2012,257,0.7191456876456875,0.7950944055944056,0.7543356643356643,0.7795489510489512,0.75615337995338,0.7387016317016317,0.7922128205128205,0.752658041958042,0.7563303030303031,0.7586717948717949,0.7669601398601398
2012,273,0.7180799533799535,0.7530333333333334,0.7192060606060605,0.7479841491841492,0.7260515151515153,0.7052344988344988,0.753560606060606,0.6948610722610723,0.6981020979020979,0.6851834498834499,0.6813100233100233
2012,289,0.6523846153846155,0.6394375291375293,0.6137785547785547,0.6426764568764569,0.6507333333333334,0.6503034965034965,0.67146993006993,0.597325174825175,0.6163456876456876,0.585925641025641,0.5721923076923077
2012,305,0.6063254079254079,0.5504244755244755,0.5327832167832168,0.5575016317016317,0.5902055944055944,0.6022995337995337,0.6085965034965035,0.5231918414918416,0.5519930069930068,0.5075310023310022,0.498048951048951
2012,321,0.5991808857808857,0.5046361305361304,0.49617622377622356,0.5099874125874124,0.5608510489510489,0.5833310023310022,0.5686494172494173,0.4837930069930069,0.5187892773892773,0.46866643356643345,0.48001375291375287
2012,337,0.5706967365967366,0.4825132867132866,0.4822920745920746,0.49835967365967365,0.561160839160839,0.5736263403263402,0.5525517482517481,0.47048461538461545,0.5032146853146853,0.46558414918414903,0.45556037296037283
2012,353,0.5493074592074593,0.4947403263403263,0.4936184149184148,0.5057431235431236,0.5710494172494172,0.5678062937062935,0.5505424242424242,0.48315268065268063,0.5074678321678321,0.4821107226107226,0.48934965034965033
2013,1,0.5470701631701632,0.5173487179487178,0.5218794871794872,0.5269158508158507,0.5930104895104893,0.5708846153846152,0.5757051282051282,0.5023167832167832,0.5207156177156177,0.5165144522144522,0.4896424242424242
2013,17,0.5517412587412587,0.56761655011655,0.5678391608391609,0.5737972027972028,0.631304662004662,0.6022324009324009,0.6083827505827505,0.5554240093240094,0.5603757575757576,0.5790156177156176,0.5553491841491841
2013,33,0.5658510489510489,0.6292517482517483,0.6307480186480187,0.6425655011655012,0.6733890442890442,0.642095571095571,0.6598494172494173,0.6077337995337994,0.604448717948718,0.6479727272727274,0.5831911421911422
2013,49,0.6036983682983683,0.7169561771561772,0.6896766899766901,0.6975484848484849,0.7043860139860141,0.6754773892773894,0.7177456876456876,0.7076911421911423,0.6854258741258742,0.7232044289044289,0.6532578088578088
2013,65,0.6286482517482517,0.7063272727272728,0.6908755244755245,0.7135221445221446,0.7066317016317017,0.6758585081585081,0.7124284382284382,0.6485573426573428,0.6194867132867132,0.6646356643356643,0.590930536130536
2013,81,0.6102685314685313,0.6640827505827506,0.6511165501165501,0.6779081585081586,0.6775862470862472,0.6556585081585081,0.6872874125874125,0.599442191142191,0.5861981351981352,0.6161228438228438,0.5662263403263402
2013,97,0.6439151515151516,0.6689298368298368,0.6581724941724941,0.6885752913752914,0.6772470862470863,0.666804895104895,0.6977261072261073,0.5921037296037296,0.5852827505827506,0.6037925407925407,0.6053083916083914
2013,113,0.695699766899767,0.7026104895104895,0.6900820512820512,0.7221102564102564,0.7054888111888112,0.6918934731934734,0.7276153846153847,0.6049561771561771,0.6097326340326339,0.6326358974358973,0.6558090909090909
2013,129,0.7031519813519813,0.7242193473193472,0.7153060606060606,0.7531081585081584,0.7291682983682983,0.7099002331002332,0.7545235431235431,0.6226641025641024,0.6305128205128203,0.6700055944055945,0.6634484848484848
2013,145,0.717167365967366,0.7503037296037295,0.7377055944055944,0.771497902097902,0.741674125874126,0.7210344988344988,0.7698205128205127,0.6475608391608392,0.6645363636363635,0.6893948717948717,0.6986941724941724
2013,161,0.7274953379953379,0.7609053613053612,0.7508230769230768,0.778543822843823,0.7512692307692308,0.7234212121212121,0.7863895104895104,0.6630543123543124,0.6940559440559441,0.702232867132867,0.6790377622377622
2013,177,0.7310522144522145,0.7739641025641024,0.7539216783216784,0.7828326340326338,0.7571389277389277,0.738381585081585,0.7960198135198135,0.6919662004662005,0.7171967365967367,0.7092254079254079,0.704881585081585
2013,193,0.7283682983682984,0.7747223776223777,0.7550230769230769,0.7835596736596735,0.7634424242424241,0.7475193473193472,0.808021212121212,0.7106717948717949,0.7330787878787879,0.7088986013986015,0.6998305361305361
2013,209,0.7260379953379953,0.7667386946386946,0.7505568764568764,0.788986013986014,0.7635354312354311,0.7450314685314685,0.8181575757575758,0.7256641025641024,0.7456051282051281,0.7174193473193472,0.7383193473193472
2013,225,0.728153146853147,0.7699743589743588,0.7528454545454545,0.7839783216783217,0.7686046620046619,0.750039160839161,0.8033673659673659,0.7123475524475524,0.7217282051282051,0.7095860139860141,0.7426226107226106
2013,241,0.722665034965035,0.7621275058275058,0.7427988344988344,0.7636850815850815,0.7652519813519812,0.7422750582750582,0.7927552447552448,0.7169412587412588,0.7289009324009323,0.6946664335664335,0.7503974358974358
2013,257,0.7097491841491842,0.7403076923076923,0.7315433566433567,0.7450167832167832,0.7596871794871795,0.7416228438228438,0.7759284382284383,0.706734965034965,0.7063097902097903,0.6826680652680652,0.7474389277389278
2013,273,0.7423794871794871,0.7608710955710956,0.751302097902098,0.7797468531468532,0.8050307692307693,0.7878848484848485,0.8089892773892774,0.7312925407925409,0.7196694638694638,0.7066480186480187,0.7466895104895105
2013,289,0.6800130536130535,0.6929834498834498,0.6956573426573426,0.6970086247086247,0.7290230769230768,0.7314484848484849,0.7569379953379953,0.6630030303030304,0.651972261072261,0.6487701631701631,0.664435198135198
2013,305,0.6173680652680652,0.6380641025641025,0.637091142191142,0.624897668997669,0.6546016317016318,0.6694375291375291,0.6958927738927739,0.5971289044289044,0.5965428904428904,0.5975275058275058,0.5983256410256409
2013,321,0.582997902097902,0.6115270396270396,0.6045365967365968,0.5880972027972028,0.6148048951048951,0.6335643356643356,0.6742062937062938,0.5601585081585082,0.5727526806526807,0.5528708624708626,0.5672934731934731
2013,337,0.5592876456876456,0.5951009324009323,0.5808370629370629,0.5665734265734265,0.5848268065268065,0.6107307692307692,0.6550638694638694,0.5374958041958041,0.5516932400932401,0.518030303030303,0.5555435897435895
2013,353,0.5470944055944055,0.5981086247086247,0.5794920745920745,0.5693655011655011,0.5787039627039626,0.6064780885780886,0.6513934731934733,0.5292368298368298,0.5481853146853146,0.5091881118881117,0.5732953379953378
2014,1,0.5634414918414918,0.6051804195804195,0.5793023310023309,0.5998296037296038,0.5813762237762238,0.6079878787878787,0.6674065268065269,0.5331403263403263,0.5524480186480186,0.5100981351981352,0.6061878787878788
2014,17,0.5873072261072261,0.6278214452214452,0.5959757575757576,0.6118587412587413,0.6044904428904428,0.6279076923076922,0.6703424242424242,0.558607459207459,0.5660384615384614,0.5309820512820512,0.6269832167832168
2014,33,0.6198594405594405,0.646516317016317,0.6110081585081585,0.6341452214452215,0.6330030303030302,0.6536494172494173,0.6792058275058274,0.5927086247086247,0.59607668997669,0.5659580419580419,0.6595587412587414
2014,49,0.6468230769230768,0.6596445221445221,0.6331629370629371,0.6663289044289044,0.6760505827505827,0.6853153846153845,0.6919491841491842,0.6120219114219113,0.603760372960373,0.5866552447552447,0.6645046620046621
2014,65,0.6945235431235431,0.6931142191142192,0.6643351981351983,0.7184757575757575,0.7323198135198135,0.7335452214452215,0.7315944055944056,0.6519913752913752,0.6310773892773893,0.6142787878787879,0.6906503496503497
2014,81,0.657997435897436,0.6447503496503496,0.6323375291375292,0.6587599067599066,0.6800221445221445,0.6783158508158507,0.6925284382284381,0.6025983682983683,0.5854624708624709,0.5802477855477854,0.642007226107226
2014,97,0.6601599067599067,0.6535447552447553,0.6368585081585081,0.657023543123543,0.6761361305361303,0.6644354312354313,0.6894379953379952,0.6061268065268065,0.5963156177156177,0.6149496503496503,0.6533911421911421
2014,113,0.6807333333333332,0.6842324009324009,0.6638317016317016,0.6825918414918414,0.6997263403263403,0.6741808857808859,0.722209557109557,0.6337249417249416,0.6361314685314684,0.6384911421911421,0.6885794871794871
2014,129,0.6922519813519813,0.7011713286713287,0.6879156177156176,0.7040445221445222,0.7112871794871795,0.6827291375291374,0.7388776223776223,0.6554946386946385,0.6610170163170161,0.6669773892773894,0.7111694638694639
2014,145,0.7017235431235431,0.7239424242424242,0.7101678321678321,0.7310242424242424,0.7297076923076922,0.6979960372960373,0.7638137529137528,0.6790827505827506,0.6852818181818182,0.6905365967365967,0.7618643356643356
2014,161,0.723797668997669,0.7452449883449883,0.724055944055944,0.7628564102564102,0.7475918414918414,0.7195163170163169,0.7952694638694637,0.7119641025641026,0.7100032634032634,0.7154867132867132,0.7590522144522145
2014,177,0.7342298368298368,0.7715529137529137,0.7429095571095571,0.7734445221445221,0.7669333333333334,0.7379034965034965,0.8031995337995339,0.7369974358974358,0.7322400932400932,0.7496990675990676,0.7666958041958042
2014,193,0.7448969696969697,0.7841489510489511,0.747688344988345,0.7870652680652682,0.7740379953379953,0.753600233100233,0.8154146853146853,0.7388020979020977,0.7470377622377621,0.8099214452214454,0.803974358974359
2014,209,0.7412846153846152,0.7845321678321681,0.7467216783216781,0.7944578088578089,0.7814088578088577,0.7528641025641024,0.8187797202797202,0.7374074592074591,0.7363934731934731,0.7591864801864802,0.7360447552447553
2014,225,0.740106993006993,0.7832874125874125,0.7470801864801864,0.7973995337995337,0.7863272727272727,0.7595965034965034,0.8210379953379952,0.737209557109557,0.7244006993006993,0.7118153846153846,0.6836846153846153
2014,241,0.7215703962703963,0.7587018648018649,0.7255419580419581,0.7701969696969697,0.7767827505827505,0.7562762237762237,0.8173104895104896,0.7153333333333333,0.6995095571095569,0.6775,0.6374722610722611
2014,257,0.7350797202797202,0.7722046620046619,0.749442191142191,0.7864228438228439,0.7788291375291375,0.7529310023310023,0.8261983682983682,0.7293482517482517,0.7166622377622378,0.6655370629370629,0.6312132867132867
2014,273,0.7391533799533799,0.7795762237762237,0.7691130536130535,0.8014662004662007,0.7828370629370631,0.7521160839160839,0.7982946386946387,0.7402731934731935,0.7228356643356643,0.6728480186480187,0.6621689976689977
2014,289,0.7698941724941726,0.8024018648018647,0.8105226107226107,0.8334076923076922,0.8058615384615385,0.7760004662004663,0.7853097902097902,0.8021594405594406,0.7791396270396271,0.6851550116550117,0.70772331002331
2014,305,0.7183526806526808,0.7593463869463871,0.778223076923077,0.7840554778554777,0.7584044289044289,0.7391848484848486,0.7364990675990676,0.7384878787878789,0.7054347319347319,0.6318386946386947,0.6943188811188813
2014,321,0.6728018648018648,0.6966638694638696,0.7149370629370629,0.7372452214452214,0.7147603729603729,0.6966139860139858,0.6909993006993007,0.660651282051282,0.6335617715617715,0.5992435897435897,0.637639627039627
2014,337,0.6521331002331002,0.6739531468531468,0.6891680652680652,0.7188172494172496,0.7009473193473192,0.6852638694638694,0.6719764568764569,0.5994011655011654,0.589648951048951,0.6001818181818181,0.656479254079254
2014,353,0.6355121212121213,0.6487986013986013,0.6606030303030302,0.6986093240093241,0.6816358974358974,0.6744261072261072,0.661648951048951,0.5434944055944055,0.5527337995337995,0.6084764568764569,0.6927251748251749
2015,1,0.6280568764568765,0.6377158508158507,0.6397846153846153,0.6843335664335664,0.678162470862471,0.6746247086247086,0.6696088578088578,0.4856431235431235,0.522755944055944,0.5525272727272726,0.636332634032634
2015,17,0.6094948717948718,0.625632867132867,0.6097433566433564,0.660137762237762,0.6732794871794872,0.6749055944055944,0.6822606060606061,0.49290303030303023,0.4969074592074591,0.559716317016317,0.6113254079254079
2015,33,0.5904321678321677,0.6104543123543122,0.5781820512820511,0.636732867132867,0.6602776223776223,0.6636540792540793,0.6920480186480186,0.5078221445221444,0.4865585081585081,0.5815510489510489,0.6024571095571095
2015,49,0.6153715617715617,0.6376407925407925,0.6113934731934731,0.671811421911422,0.6757771561771562,0.6783004662004661,0.7163967365967365,0.5662193473193473,0.5283993006993006,0.6257449883449883,0.6290771561771561
2015,65,0.6299958041958041,0.66942331002331,0.6333470862470862,0.7027536130536131,0.6970046620046619,0.6989174825174825,0.715039393939394,0.6345249417249416,0.5739995337995337,0.6781890442890443,0.6779948717948718
2015,81,0.6607321678321678,0.707242424242424,0.6705041958041957,0.7325839160839162,0.7215386946386947,0.7273885780885782,0.7353925407925408,0.7177904428904429,0.6449235431235432,0.7020850815850815,0.701774592074592
2015,97,0.6202491841491842,0.6757545454545453,0.6390142191142191,0.6908487179487178,0.6802822843822844,0.6898025641025639,0.7133324009324009,0.6748526806526804,0.5974876456876457,0.6691762237762238,0.6670885780885781
2015,113,0.6279310023310022,0.6700067599067598,0.6312645687645687,0.7003904428904429,0.6860599067599069,0.6818829836829836,0.7196452214452215,0.6748759906759907,0.6108822843822843,0.6813039627039628,0.6607100233100233
2015,129,0.6522874125874125,0.7009939393939392,0.6662379953379953,0.7257020979020978,0.7091855477855478,0.7024293706293704,0.74441002331002315,0.6780398601398603,0.6418452214452214,0.6908692307692308,0.6943449883449881
2015,145,0.6732923076923076,0.7184897435897436,0.6859445221445222,0.7382881118881118,0.7257620046620047,0.7088990675990675,0.7648167832167831,0.6679724941724943,0.65357692307692306,0.6984333333333334,0.7196016317016317
2015,161,0.6918694638694638,0.7413895104895106,0.7065804195804196,0.7476529137529137,0.745099766899767,0.7198720279720279,0.7871790209790209,0.6509920745920746,0.6802025641025641,0.7058200466200464,0.7179261072261071
2015,177,0.6955039627039628,0.7510212121212122,0.7177853146853147,0.7542575757575758,0.7491046620046619,0.7179855477855478,0.7957310023310024,0.6851058275058274,0.6913293706293705,0.7198878787878789,0.7209713286713287
2015,193,0.7031400932400931,0.7524006993006993,0.7271172494172493,0.7622431235431236,0.7522403263403263,0.7203743589743589,0.7959990675990676,0.6941878787878788,0.7015100233100233,0.7171328671328671,0.7298540792540792
2015,209,0.7088254079254079,0.7487144522144522,0.7351794871794873,0.7708571095571095,0.7591731934731935,0.7311491841491842,0.8027554778554779,0.6949881118881119,0.7122981351981351,0.7195993006993007,0.74469883449883445
2015,225,0.6942230769230767,0.7252615384615385,0.7091324009324009,0.7551447552447552,0.7450764568764568,0.7175333333333334,0.7893030303030304,0.686390675990676,0.7053226107226108,0.7072925407925409,0.7493589743589744
2015,241,0.71115337995338,0.7364818181818182,0.7268307692307693,0.7680349650349649,0.7619279720279719,0.7395321678321678,0.7951657342657341,0.6929328671328672,0.7132195804195806,0.7210976689976689,0.7775020979020978
2015,257,0.7166426573426574,0.7123247086247086,0.7375526806526806,0.7466251748251747,0.744462703962704,0.7322405594405593,0.7761081585081584,0.677002564102564,0.698981351981352,0.7093734265734266,0.7702328671328672
2015,273,0.7113759906759906,0.7468170163170164,0.7376079254079254,0.7743167832167831,0.7771967365967365,0.762411655011655,0.7953004662004661,0.6995757575757575,0.7198426573426575,0.7333778554778555,0.767304662004662
2015,289,0.7007503496503494,0.7633165501165503,0.7226275058275058,0.7871589743589742,0.7910223776223776,0.7781198135198136,0.8110503496503496,0.7066331002331002,0.7226526806526805,0.7385244755244754,0.7745585081585081
2015,305,0.7083771561771561,0.7810752913752913,0.7208734265734266,0.81994662004662,0.8247687645687646,0.8084032634032634,0.8399899766899768,0.7243965034965034,0.6970482517482517,0.7337053613053613,0.7655181818181818
2015,321,0.6803766899766899,0.7848923076923077,0.7096466200466199,0.8104776223776223,0.8116097902097904,0.812376923076923,0.8317561771561772,0.7080158508158507,0.7279167832167831,0.755041724941725,0.7693310023310023
2015,337,0.6821291375291375,0.7936871794871797,0.7094850815850816,0.7771827505827505,0.7710762237762239,0.803176923076923,0.8063853146853146,0.6874743589743589,0.7291615384615384,0.7445398601398601,0.755065268065268
2015,353,0.6240132867132866,0.7610480186480186,0.6719293706293706,0.7808356643356644,0.7739860139860141,0.8018594405594407,0.7964400932400933,0.6837724941724941,0.7458762237762238,0.7475843822843823,0.7686650349650349
2016,1,0.5758540792540793,0.7100377622377623,0.6391034965034964,0.7715156177156178,0.7630745920745922,0.7855757575757575,0.7800468531468531,0.6722554778554779,0.7466314685314686,0.7388046620046621,0.7634473193473194
2016,17,0.5331275058275058,0.6453855477855476,0.5972023310023309,0.739313986013986,0.7377468531468532,0.7569526806526806,0.7468079254079255,0.646269696969697,0.7362002331002331,0.723504428904429,0.7453818181818181
2016,33,0.5306342657342656,0.6183708624708625,0.6053442890442892,0.7360972027972028,0.7367006993006991,0.7555589743589745,0.7372221445221445,0.6301181818181819,0.7256587412587413,0.7141389277389276,0.7475825174825174
2016,49,0.5264778554778553,0.5750634032634031,0.60221655011655,0.7056662004662004,0.7084358974358974,0.7274519813519813,0.7172310023310023,0.6011398601398601,0.6942822843822845,0.6815997668997669,0.7120165501165501
2016,65,0.5377972027972028,0.603034965034965,0.6015566433566433,0.7301268065268065,0.7358580419580419,0.7359794871794871,0.7389850815850816,0.613995337995338,0.6995018648018647,0.6815955710955711,0.7072902097902097
2016,81,0.5756198135198135,0.6240710955710955,0.6210191142191143,0.7414776223776223,0.7425146853146852,0.7361398601398602,0.7639067599067596,0.6342778554778555,0.6813573426573427,0.6894494172494172,0.7219706293706295
2016,97,0.6321237762237761,0.6556552447552447,0.6569575757575757,0.7611780885780886,0.7595226107226106,0.7397869463869464,0.7917568764568765,0.6591242424242425,0.6578508158508158,0.6666363636363636,0.7127927738927738
2016,113,0.6706962703962704,0.696364801864802,0.6915925407925407,0.7439517482517481,0.7398911421911422,0.7176694638694637,0.7896960372960373,0.6608731934731934,0.6824522144522144,0.7017090909090908,0.7081146853146852
2016,129,0.7263069930069931,0.7416307692307692,0.7264568764568765,0.7307787878787878,0.7248454545454545,0.7076139860139862,0.7914510489510489,0.6766291375291376,0.6772825174825174,0.6904484848484848,0.6966885780885781
2016,145,0.7139319347319347,0.751362470862471,0.7285233100233101,0.7612741258741257,0.7517638694638694,0.7170484848484848,0.8095365967365965,0.7050314685314685,0.6985519813519813,0.7070995337995337,0.7162205128205128
2016,161,0.7268662004662003,0.765074592074592,0.7454149184149184,0.7679111888111889,0.7553097902097902,0.7192382284382285,0.8162337995337995,0.7218951048951048,0.7056888111888112,0.7146272727272727,0.7337214452214452
2016,177,0.7322250349650348,0.7739598601398601,0.7531261538461538,0.7725832167832166,0.7611069930069929,0.7244198601398599,0.8195640559440557,0.7294601398601398,0.7105917482517481,0.7230163636363636,0.7342465734265731
2016,193,0.7324997202797202,0.7781665734265732,0.7559907692307691,0.7750318181818179,0.7665713286713286,0.7322411188811189,0.8198511888111887,0.7310188811188809,0.7143932867132866,0.7319599999999999,0.732581958041958
2016,209,0.7276902564102564,0.7776947319347319,0.7540087645687645,0.7751958041958045,0.7717027972027971,0.7427020046620044,0.8170951981351982,0.7265713286713287,0.7170934265734265,0.7414581818181818,0.728727599067599
2016,225,0.7177966433566431,0.7725443356643354,0.7471801398601398,0.7730139860139863,0.7765013986013987,0.7558025174825176,0.8112960839160838,0.7161174825174823,0.7186921678321678,0.7515109090909091,0.7226834965034965
2016,241,0.7028188811188807,0.7627153846153841,0.7355048951048947,0.7684251748251744,0.7809671328671325,0.7715426573426569,0.8024538461538456,0.6996573426573421,0.7191895104895101,0.7621181818181814,0.7144496503496499
